Copyright 1986-2018 Xilinx, Inc. All Rights Reserved.
-----------------------------------------------------------------------------------------------------------------------------------------------------------------------------------------------------------------------------------
| Tool Version : Vivado v.2018.2 (win64) Build 2258646 Thu Jun 14 20:03:12 MDT 2018
| Date         : Sat Sep 12 23:07:31 2026
| Host         : DESKTOP-1IDCUPR running 64-bit major release  (build 9200)
| Command      : report_timing_summary -max_paths 10 -file top_conv_accelerator_timing_summary_routed.rpt -pb top_conv_accelerator_timing_summary_routed.pb -rpx top_conv_accelerator_timing_summary_routed.rpx -warn_on_violation
| Design       : top_conv_accelerator
| Device       : 7z020-clg400
| Speed File   : -1  PRODUCTION 1.11 2014-09-11
-----------------------------------------------------------------------------------------------------------------------------------------------------------------------------------------------------------------------------------

Timing Summary Report

------------------------------------------------------------------------------------------------
| Timer Settings
| --------------
------------------------------------------------------------------------------------------------

  Enable Multi Corner Analysis               :  Yes
  Enable Pessimism Removal                   :  Yes
  Pessimism Removal Resolution               :  Nearest Common Node
  Enable Input Delay Default Clock           :  No
  Enable Preset / Clear Arcs                 :  No
  Disable Flight Delays                      :  No
  Ignore I/O Paths                           :  No
  Timing Early Launch at Borrowing Latches   :  false

  Corner  Analyze    Analyze    
  Name    Max Paths  Min Paths  
  ------  ---------  ---------  
  Slow    Yes        Yes        
  Fast    Yes        Yes        



check_timing report

Table of Contents
-----------------
1. checking no_clock
2. checking constant_clock
3. checking pulse_width_clock
4. checking unconstrained_internal_endpoints
5. checking no_input_delay
6. checking no_output_delay
7. checking multiple_clock
8. checking generated_clocks
9. checking loops
10. checking partial_input_delay
11. checking partial_output_delay
12. checking latch_loops

1. checking no_clock
--------------------
 There are 0 register/latch pins with no clock.


2. checking constant_clock
--------------------------
 There are 0 register/latch pins with constant_clock.


3. checking pulse_width_clock
-----------------------------
 There are 0 register/latch pins which need pulse_width check


4. checking unconstrained_internal_endpoints
--------------------------------------------
 There are 0 pins that are not constrained for maximum delay.

 There are 0 pins that are not constrained for maximum delay due to constant clock.


5. checking no_input_delay
--------------------------
 There are 41 input ports with no input delay specified. (HIGH)

 There are 0 input ports with no input delay but user has a false path constraint.


6. checking no_output_delay
---------------------------
 There are 20 ports with no output delay specified. (HIGH)

 There are 0 ports with no output delay but user has a false path constraint

 There are 0 ports with no output delay but with a timing clock defined on it or propagating through it


7. checking multiple_clock
--------------------------
 There are 0 register/latch pins with multiple clocks.


8. checking generated_clocks
----------------------------
 There are 0 generated clocks that are not connected to a clock source.


9. checking loops
-----------------
 There are 0 combinational loops in the design.


10. checking partial_input_delay
--------------------------------
 There are 0 input ports with partial input delay specified.


11. checking partial_output_delay
---------------------------------
 There are 0 ports with partial output delay specified.


12. checking latch_loops
------------------------
 There are 0 combinational latch loops in the design through latch input



------------------------------------------------------------------------------------------------
| Design Timing Summary
| ---------------------
------------------------------------------------------------------------------------------------

    WNS(ns)      TNS(ns)  TNS Failing Endpoints  TNS Total Endpoints      WHS(ns)      THS(ns)  THS Failing Endpoints  THS Total Endpoints     WPWS(ns)     TPWS(ns)  TPWS Failing Endpoints  TPWS Total Endpoints  
    -------      -------  ---------------------  -------------------      -------      -------  ---------------------  -------------------     --------     --------  ----------------------  --------------------  
      5.144        0.000                      0                 1157        0.185        0.000                      0                 1157        6.520        0.000                       0                  1108  


All user specified timing constraints are met.


------------------------------------------------------------------------------------------------
| Clock Summary
| -------------
------------------------------------------------------------------------------------------------

Clock  Waveform(ns)       Period(ns)      Frequency(MHz)
-----  ------------       ----------      --------------
clk    {0.000 7.500}      15.000          66.667          


------------------------------------------------------------------------------------------------
| Intra Clock Table
| -----------------
------------------------------------------------------------------------------------------------

Clock             WNS(ns)      TNS(ns)  TNS Failing Endpoints  TNS Total Endpoints      WHS(ns)      THS(ns)  THS Failing Endpoints  THS Total Endpoints     WPWS(ns)     TPWS(ns)  TPWS Failing Endpoints  TPWS Total Endpoints  
-----             -------      -------  ---------------------  -------------------      -------      -------  ---------------------  -------------------     --------     --------  ----------------------  --------------------  
clk                 5.144        0.000                      0                 1157        0.185        0.000                      0                 1157        6.520        0.000                       0                  1108  


------------------------------------------------------------------------------------------------
| Inter Clock Table
| -----------------
------------------------------------------------------------------------------------------------

From Clock    To Clock          WNS(ns)      TNS(ns)  TNS Failing Endpoints  TNS Total Endpoints      WHS(ns)      THS(ns)  THS Failing Endpoints  THS Total Endpoints  
----------    --------          -------      -------  ---------------------  -------------------      -------      -------  ---------------------  -------------------  


------------------------------------------------------------------------------------------------
| Other Path Groups Table
| -----------------------
------------------------------------------------------------------------------------------------

Path Group    From Clock    To Clock          WNS(ns)      TNS(ns)  TNS Failing Endpoints  TNS Total Endpoints      WHS(ns)      THS(ns)  THS Failing Endpoints  THS Total Endpoints  
----------    ----------    --------          -------      -------  ---------------------  -------------------      -------      -------  ---------------------  -------------------  


------------------------------------------------------------------------------------------------
| Timing Details
| --------------
------------------------------------------------------------------------------------------------


---------------------------------------------------------------------------------------------------
From Clock:  clk
  To Clock:  clk

Setup :            0  Failing Endpoints,  Worst Slack        5.144ns,  Total Violation        0.000ns
Hold  :            0  Failing Endpoints,  Worst Slack        0.185ns,  Total Violation        0.000ns
PW    :            0  Failing Endpoints,  Worst Slack        6.520ns,  Total Violation        0.000ns
---------------------------------------------------------------------------------------------------


Max Delay Paths
--------------------------------------------------------------------------------------
Slack (MET) :             5.144ns  (required time - arrival time)
  Source:                 active_bank_r_reg[1]/C
                            (rising edge-triggered cell FDCE clocked by clk  {rise@0.000ns fall@7.500ns period=15.000ns})
  Destination:            u_mac_array/prod_s1_reg[1][1][15]/D
                            (rising edge-triggered cell FDCE clocked by clk  {rise@0.000ns fall@7.500ns period=15.000ns})
  Path Group:             clk
  Path Type:              Setup (Max at Slow Process Corner)
  Requirement:            15.000ns  (clk rise@15.000ns - clk rise@0.000ns)
  Data Path Delay:        9.830ns  (logic 3.224ns (32.797%)  route 6.606ns (67.203%))
  Logic Levels:           9  (CARRY4=4 LUT3=2 LUT4=1 LUT6=2)
  Clock Path Skew:        -0.053ns (DCD - SCD + CPR)
    Destination Clock Delay (DCD):    4.617ns = ( 19.617 - 15.000 ) 
    Source Clock Delay      (SCD):    5.129ns
    Clock Pessimism Removal (CPR):    0.458ns
  Clock Uncertainty:      0.035ns  ((TSJ^2 + TIJ^2)^1/2 + DJ) / 2 + PE
    Total System Jitter     (TSJ):    0.071ns
    Total Input Jitter      (TIJ):    0.000ns
    Discrete Jitter          (DJ):    0.000ns
    Phase Error              (PE):    0.000ns

    Location             Delay type                Incr(ns)  Path(ns)    Netlist Resource(s)
  -------------------------------------------------------------------    -------------------
                         (clock clk rise edge)        0.000     0.000 r  
    U14                                               0.000     0.000 r  clk (IN)
                         net (fo=0)                   0.000     0.000    clk
    U14                  IBUF (Prop_ibuf_I_O)         1.075     1.075 r  clk_IBUF_inst/O
                         net (fo=1, routed)           2.205     3.280    clk_IBUF
    BUFGCTRL_X0Y16       BUFG (Prop_bufg_I_O)         0.101     3.381 r  clk_IBUF_BUFG_inst/O
                         net (fo=1107, routed)        1.748     5.129    clk_IBUF_BUFG
    SLICE_X31Y49         FDCE                                         r  active_bank_r_reg[1]/C
  -------------------------------------------------------------------    -------------------
    SLICE_X31Y49         FDCE (Prop_fdce_C_Q)         0.456     5.585 r  active_bank_r_reg[1]/Q
                         net (fo=72, routed)          2.365     7.950    u_mac_array/active_bank_r_reg[1][1]
    SLICE_X12Y47         LUT6 (Prop_lut6_I3_O)        0.124     8.074 f  u_mac_array/prod_s1[1][1][2]_i_14/O
                         net (fo=16, routed)          1.570     9.644    u_mac_array/kernel_flat[32]
    SLICE_X11Y40         LUT3 (Prop_lut3_I2_O)        0.152     9.796 r  u_mac_array/prod_s1[1][1][2]_i_16/O
                         net (fo=2, routed)           1.116    10.912    u_line_buffer/win_reg[1][1][3]_1
    SLICE_X10Y42         LUT6 (Prop_lut6_I0_O)        0.326    11.238 r  u_line_buffer/prod_s1[1][1][10]_i_21/O
                         net (fo=1, routed)           0.000    11.238    u_mac_array/win_reg[1][1][6][0]
    SLICE_X10Y42         CARRY4 (Prop_carry4_S[0]_CO[3])
                                                      0.513    11.751 r  u_mac_array/prod_s1_reg[1][1][10]_i_10/CO[3]
                         net (fo=1, routed)           0.000    11.751    u_mac_array/prod_s1_reg[1][1][10]_i_10_n_0
    SLICE_X10Y43         CARRY4 (Prop_carry4_CI_O[2])
                                                      0.239    11.990 r  u_mac_array/prod_s1_reg[1][1][14]_i_10/O[2]
                         net (fo=2, routed)           0.953    12.943    u_mac_array/prod_s1_reg[1][1][14]_i_10_n_5
    SLICE_X9Y42          LUT3 (Prop_lut3_I2_O)        0.327    13.270 r  u_mac_array/prod_s1[1][1][14]_i_5/O
                         net (fo=2, routed)           0.602    13.872    u_mac_array/prod_s1[1][1][14]_i_5_n_0
    SLICE_X9Y43          LUT4 (Prop_lut4_I0_O)        0.332    14.204 r  u_mac_array/prod_s1[1][1][14]_i_9/O
                         net (fo=1, routed)           0.000    14.204    u_mac_array/prod_s1[1][1][14]_i_9_n_0
    SLICE_X9Y43          CARRY4 (Prop_carry4_S[0]_CO[3])
                                                      0.532    14.736 r  u_mac_array/prod_s1_reg[1][1][14]_i_1/CO[3]
                         net (fo=1, routed)           0.000    14.736    u_mac_array/prod_s1_reg[1][1][14]_i_1_n_0
    SLICE_X9Y44          CARRY4 (Prop_carry4_CI_O[0])
                                                      0.223    14.959 r  u_mac_array/prod_s1_reg[1][1][15]_i_1/O[0]
                         net (fo=1, routed)           0.000    14.959    u_mac_array/prod_s1_reg[1][1][15]_i_1_n_7
    SLICE_X9Y44          FDCE                                         r  u_mac_array/prod_s1_reg[1][1][15]/D
  -------------------------------------------------------------------    -------------------

                         (clock clk rise edge)       15.000    15.000 r  
    U14                                               0.000    15.000 r  clk (IN)
                         net (fo=0)                   0.000    15.000    clk
    U14                  IBUF (Prop_ibuf_I_O)         0.940    15.940 r  clk_IBUF_inst/O
                         net (fo=1, routed)           2.006    17.946    clk_IBUF
    BUFGCTRL_X0Y16       BUFG (Prop_bufg_I_O)         0.091    18.037 r  clk_IBUF_BUFG_inst/O
                         net (fo=1107, routed)        1.580    19.617    u_mac_array/clk_IBUF_BUFG
    SLICE_X9Y44          FDCE                                         r  u_mac_array/prod_s1_reg[1][1][15]/C
                         clock pessimism              0.458    20.076    
                         clock uncertainty           -0.035    20.040    
    SLICE_X9Y44          FDCE (Setup_fdce_C_D)        0.062    20.102    u_mac_array/prod_s1_reg[1][1][15]
  -------------------------------------------------------------------
                         required time                         20.102    
                         arrival time                         -14.959    
  -------------------------------------------------------------------
                         slack                                  5.144    

Slack (MET) :             5.168ns  (required time - arrival time)
  Source:                 active_bank_r_reg[0]/C
                            (rising edge-triggered cell FDCE clocked by clk  {rise@0.000ns fall@7.500ns period=15.000ns})
  Destination:            u_mac_array/prod_s1_reg[1][2][15]/D
                            (rising edge-triggered cell FDCE clocked by clk  {rise@0.000ns fall@7.500ns period=15.000ns})
  Path Group:             clk
  Path Type:              Setup (Max at Slow Process Corner)
  Requirement:            15.000ns  (clk rise@15.000ns - clk rise@0.000ns)
  Data Path Delay:        9.929ns  (logic 3.114ns (31.363%)  route 6.815ns (68.637%))
  Logic Levels:           10  (CARRY4=5 LUT3=1 LUT4=2 LUT6=2)
  Clock Path Skew:        0.023ns (DCD - SCD + CPR)
    Destination Clock Delay (DCD):    4.615ns = ( 19.615 - 15.000 ) 
    Source Clock Delay      (SCD):    5.051ns
    Clock Pessimism Removal (CPR):    0.458ns
  Clock Uncertainty:      0.035ns  ((TSJ^2 + TIJ^2)^1/2 + DJ) / 2 + PE
    Total System Jitter     (TSJ):    0.071ns
    Total Input Jitter      (TIJ):    0.000ns
    Discrete Jitter          (DJ):    0.000ns
    Phase Error              (PE):    0.000ns

    Location             Delay type                Incr(ns)  Path(ns)    Netlist Resource(s)
  -------------------------------------------------------------------    -------------------
                         (clock clk rise edge)        0.000     0.000 r  
    U14                                               0.000     0.000 r  clk (IN)
                         net (fo=0)                   0.000     0.000    clk
    U14                  IBUF (Prop_ibuf_I_O)         1.075     1.075 r  clk_IBUF_inst/O
                         net (fo=1, routed)           2.205     3.280    clk_IBUF
    BUFGCTRL_X0Y16       BUFG (Prop_bufg_I_O)         0.101     3.381 r  clk_IBUF_BUFG_inst/O
                         net (fo=1107, routed)        1.670     5.051    clk_IBUF_BUFG
    SLICE_X32Y49         FDCE                                         r  active_bank_r_reg[0]/C
  -------------------------------------------------------------------    -------------------
    SLICE_X32Y49         FDCE (Prop_fdce_C_Q)         0.518     5.569 r  active_bank_r_reg[0]/Q
                         net (fo=72, routed)          2.244     7.813    u_mac_array/active_bank_r_reg[1][0]
    SLICE_X11Y46         LUT6 (Prop_lut6_I4_O)        0.124     7.937 f  u_mac_array/prod_s1[1][2][15]_i_21/O
                         net (fo=18, routed)          2.060     9.997    u_mac_array/kernel_flat[45]
    SLICE_X12Y33         LUT4 (Prop_lut4_I3_O)        0.146    10.143 r  u_mac_array/prod_s1[1][2][10]_i_36/O
                         net (fo=1, routed)           0.314    10.457    u_mac_array/prod_s1[1][2][10]_i_36_n_0
    SLICE_X14Y34         LUT6 (Prop_lut6_I3_O)        0.328    10.785 r  u_mac_array/prod_s1[1][2][10]_i_21/O
                         net (fo=1, routed)           0.701    11.486    u_mac_array/prod_s1[1][2][10]_i_21_n_0
    SLICE_X15Y35         CARRY4 (Prop_carry4_DI[3]_CO[3])
                                                      0.385    11.871 r  u_mac_array/prod_s1_reg[1][2][10]_i_12/CO[3]
                         net (fo=1, routed)           0.000    11.871    u_mac_array/prod_s1_reg[1][2][10]_i_12_n_0
    SLICE_X15Y36         CARRY4 (Prop_carry4_CI_O[2])
                                                      0.239    12.110 r  u_mac_array/prod_s1_reg[1][2][14]_i_12/O[2]
                         net (fo=2, routed)           0.816    12.926    u_mac_array/prod_s1_reg[1][2][14]_i_12_n_5
    SLICE_X14Y37         LUT3 (Prop_lut3_I1_O)        0.331    13.257 r  u_mac_array/prod_s1[1][2][10]_i_2/O
                         net (fo=2, routed)           0.679    13.936    u_mac_array/prod_s1[1][2][10]_i_2_n_0
    SLICE_X14Y37         LUT4 (Prop_lut4_I3_O)        0.331    14.267 r  u_mac_array/prod_s1[1][2][10]_i_6/O
                         net (fo=1, routed)           0.000    14.267    u_mac_array/prod_s1[1][2][10]_i_6_n_0
    SLICE_X14Y37         CARRY4 (Prop_carry4_S[3]_CO[3])
                                                      0.376    14.643 r  u_mac_array/prod_s1_reg[1][2][10]_i_1/CO[3]
                         net (fo=1, routed)           0.000    14.643    u_mac_array/prod_s1_reg[1][2][10]_i_1_n_0
    SLICE_X14Y38         CARRY4 (Prop_carry4_CI_CO[3])
                                                      0.117    14.760 r  u_mac_array/prod_s1_reg[1][2][14]_i_1/CO[3]
                         net (fo=1, routed)           0.000    14.760    u_mac_array/prod_s1_reg[1][2][14]_i_1_n_0
    SLICE_X14Y39         CARRY4 (Prop_carry4_CI_O[0])
                                                      0.219    14.979 r  u_mac_array/prod_s1_reg[1][2][15]_i_1/O[0]
                         net (fo=1, routed)           0.000    14.979    u_mac_array/prod_s1_reg[1][2][15]_i_1_n_7
    SLICE_X14Y39         FDCE                                         r  u_mac_array/prod_s1_reg[1][2][15]/D
  -------------------------------------------------------------------    -------------------

                         (clock clk rise edge)       15.000    15.000 r  
    U14                                               0.000    15.000 r  clk (IN)
                         net (fo=0)                   0.000    15.000    clk
    U14                  IBUF (Prop_ibuf_I_O)         0.940    15.940 r  clk_IBUF_inst/O
                         net (fo=1, routed)           2.006    17.946    clk_IBUF
    BUFGCTRL_X0Y16       BUFG (Prop_bufg_I_O)         0.091    18.037 r  clk_IBUF_BUFG_inst/O
                         net (fo=1107, routed)        1.578    19.615    u_mac_array/clk_IBUF_BUFG
    SLICE_X14Y39         FDCE                                         r  u_mac_array/prod_s1_reg[1][2][15]/C
                         clock pessimism              0.458    20.074    
                         clock uncertainty           -0.035    20.038    
    SLICE_X14Y39         FDCE (Setup_fdce_C_D)        0.109    20.147    u_mac_array/prod_s1_reg[1][2][15]
  -------------------------------------------------------------------
                         required time                         20.147    
                         arrival time                         -14.979    
  -------------------------------------------------------------------
                         slack                                  5.168    

Slack (MET) :             5.180ns  (required time - arrival time)
  Source:                 active_bank_r_reg[0]/C
                            (rising edge-triggered cell FDCE clocked by clk  {rise@0.000ns fall@7.500ns period=15.000ns})
  Destination:            u_mac_array/prod_s1_reg[1][2][12]/D
                            (rising edge-triggered cell FDCE clocked by clk  {rise@0.000ns fall@7.500ns period=15.000ns})
  Path Group:             clk
  Path Type:              Setup (Max at Slow Process Corner)
  Requirement:            15.000ns  (clk rise@15.000ns - clk rise@0.000ns)
  Data Path Delay:        9.916ns  (logic 3.101ns (31.273%)  route 6.815ns (68.727%))
  Logic Levels:           9  (CARRY4=4 LUT3=1 LUT4=2 LUT6=2)
  Clock Path Skew:        0.022ns (DCD - SCD + CPR)
    Destination Clock Delay (DCD):    4.614ns = ( 19.614 - 15.000 ) 
    Source Clock Delay      (SCD):    5.051ns
    Clock Pessimism Removal (CPR):    0.458ns
  Clock Uncertainty:      0.035ns  ((TSJ^2 + TIJ^2)^1/2 + DJ) / 2 + PE
    Total System Jitter     (TSJ):    0.071ns
    Total Input Jitter      (TIJ):    0.000ns
    Discrete Jitter          (DJ):    0.000ns
    Phase Error              (PE):    0.000ns

    Location             Delay type                Incr(ns)  Path(ns)    Netlist Resource(s)
  -------------------------------------------------------------------    -------------------
                         (clock clk rise edge)        0.000     0.000 r  
    U14                                               0.000     0.000 r  clk (IN)
                         net (fo=0)                   0.000     0.000    clk
    U14                  IBUF (Prop_ibuf_I_O)         1.075     1.075 r  clk_IBUF_inst/O
                         net (fo=1, routed)           2.205     3.280    clk_IBUF
    BUFGCTRL_X0Y16       BUFG (Prop_bufg_I_O)         0.101     3.381 r  clk_IBUF_BUFG_inst/O
                         net (fo=1107, routed)        1.670     5.051    clk_IBUF_BUFG
    SLICE_X32Y49         FDCE                                         r  active_bank_r_reg[0]/C
  -------------------------------------------------------------------    -------------------
    SLICE_X32Y49         FDCE (Prop_fdce_C_Q)         0.518     5.569 r  active_bank_r_reg[0]/Q
                         net (fo=72, routed)          2.244     7.813    u_mac_array/active_bank_r_reg[1][0]
    SLICE_X11Y46         LUT6 (Prop_lut6_I4_O)        0.124     7.937 f  u_mac_array/prod_s1[1][2][15]_i_21/O
                         net (fo=18, routed)          2.060     9.997    u_mac_array/kernel_flat[45]
    SLICE_X12Y33         LUT4 (Prop_lut4_I3_O)        0.146    10.143 r  u_mac_array/prod_s1[1][2][10]_i_36/O
                         net (fo=1, routed)           0.314    10.457    u_mac_array/prod_s1[1][2][10]_i_36_n_0
    SLICE_X14Y34         LUT6 (Prop_lut6_I3_O)        0.328    10.785 r  u_mac_array/prod_s1[1][2][10]_i_21/O
                         net (fo=1, routed)           0.701    11.486    u_mac_array/prod_s1[1][2][10]_i_21_n_0
    SLICE_X15Y35         CARRY4 (Prop_carry4_DI[3]_CO[3])
                                                      0.385    11.871 r  u_mac_array/prod_s1_reg[1][2][10]_i_12/CO[3]
                         net (fo=1, routed)           0.000    11.871    u_mac_array/prod_s1_reg[1][2][10]_i_12_n_0
    SLICE_X15Y36         CARRY4 (Prop_carry4_CI_O[2])
                                                      0.239    12.110 r  u_mac_array/prod_s1_reg[1][2][14]_i_12/O[2]
                         net (fo=2, routed)           0.816    12.926    u_mac_array/prod_s1_reg[1][2][14]_i_12_n_5
    SLICE_X14Y37         LUT3 (Prop_lut3_I1_O)        0.331    13.257 r  u_mac_array/prod_s1[1][2][10]_i_2/O
                         net (fo=2, routed)           0.679    13.936    u_mac_array/prod_s1[1][2][10]_i_2_n_0
    SLICE_X14Y37         LUT4 (Prop_lut4_I3_O)        0.331    14.267 r  u_mac_array/prod_s1[1][2][10]_i_6/O
                         net (fo=1, routed)           0.000    14.267    u_mac_array/prod_s1[1][2][10]_i_6_n_0
    SLICE_X14Y37         CARRY4 (Prop_carry4_S[3]_CO[3])
                                                      0.376    14.643 r  u_mac_array/prod_s1_reg[1][2][10]_i_1/CO[3]
                         net (fo=1, routed)           0.000    14.643    u_mac_array/prod_s1_reg[1][2][10]_i_1_n_0
    SLICE_X14Y38         CARRY4 (Prop_carry4_CI_O[1])
                                                      0.323    14.966 r  u_mac_array/prod_s1_reg[1][2][14]_i_1/O[1]
                         net (fo=1, routed)           0.000    14.966    u_mac_array/prod_s1_reg[1][2][14]_i_1_n_6
    SLICE_X14Y38         FDCE                                         r  u_mac_array/prod_s1_reg[1][2][12]/D
  -------------------------------------------------------------------    -------------------

                         (clock clk rise edge)       15.000    15.000 r  
    U14                                               0.000    15.000 r  clk (IN)
                         net (fo=0)                   0.000    15.000    clk
    U14                  IBUF (Prop_ibuf_I_O)         0.940    15.940 r  clk_IBUF_inst/O
                         net (fo=1, routed)           2.006    17.946    clk_IBUF
    BUFGCTRL_X0Y16       BUFG (Prop_bufg_I_O)         0.091    18.037 r  clk_IBUF_BUFG_inst/O
                         net (fo=1107, routed)        1.577    19.614    u_mac_array/clk_IBUF_BUFG
    SLICE_X14Y38         FDCE                                         r  u_mac_array/prod_s1_reg[1][2][12]/C
                         clock pessimism              0.458    20.073    
                         clock uncertainty           -0.035    20.037    
    SLICE_X14Y38         FDCE (Setup_fdce_C_D)        0.109    20.146    u_mac_array/prod_s1_reg[1][2][12]
  -------------------------------------------------------------------
                         required time                         20.146    
                         arrival time                         -14.966    
  -------------------------------------------------------------------
                         slack                                  5.180    

Slack (MET) :             5.188ns  (required time - arrival time)
  Source:                 active_bank_r_reg[0]/C
                            (rising edge-triggered cell FDCE clocked by clk  {rise@0.000ns fall@7.500ns period=15.000ns})
  Destination:            u_mac_array/prod_s1_reg[1][2][14]/D
                            (rising edge-triggered cell FDCE clocked by clk  {rise@0.000ns fall@7.500ns period=15.000ns})
  Path Group:             clk
  Path Type:              Setup (Max at Slow Process Corner)
  Requirement:            15.000ns  (clk rise@15.000ns - clk rise@0.000ns)
  Data Path Delay:        9.908ns  (logic 3.093ns (31.218%)  route 6.815ns (68.782%))
  Logic Levels:           9  (CARRY4=4 LUT3=1 LUT4=2 LUT6=2)
  Clock Path Skew:        0.022ns (DCD - SCD + CPR)
    Destination Clock Delay (DCD):    4.614ns = ( 19.614 - 15.000 ) 
    Source Clock Delay      (SCD):    5.051ns
    Clock Pessimism Removal (CPR):    0.458ns
  Clock Uncertainty:      0.035ns  ((TSJ^2 + TIJ^2)^1/2 + DJ) / 2 + PE
    Total System Jitter     (TSJ):    0.071ns
    Total Input Jitter      (TIJ):    0.000ns
    Discrete Jitter          (DJ):    0.000ns
    Phase Error              (PE):    0.000ns

    Location             Delay type                Incr(ns)  Path(ns)    Netlist Resource(s)
  -------------------------------------------------------------------    -------------------
                         (clock clk rise edge)        0.000     0.000 r  
    U14                                               0.000     0.000 r  clk (IN)
                         net (fo=0)                   0.000     0.000    clk
    U14                  IBUF (Prop_ibuf_I_O)         1.075     1.075 r  clk_IBUF_inst/O
                         net (fo=1, routed)           2.205     3.280    clk_IBUF
    BUFGCTRL_X0Y16       BUFG (Prop_bufg_I_O)         0.101     3.381 r  clk_IBUF_BUFG_inst/O
                         net (fo=1107, routed)        1.670     5.051    clk_IBUF_BUFG
    SLICE_X32Y49         FDCE                                         r  active_bank_r_reg[0]/C
  -------------------------------------------------------------------    -------------------
    SLICE_X32Y49         FDCE (Prop_fdce_C_Q)         0.518     5.569 r  active_bank_r_reg[0]/Q
                         net (fo=72, routed)          2.244     7.813    u_mac_array/active_bank_r_reg[1][0]
    SLICE_X11Y46         LUT6 (Prop_lut6_I4_O)        0.124     7.937 f  u_mac_array/prod_s1[1][2][15]_i_21/O
                         net (fo=18, routed)          2.060     9.997    u_mac_array/kernel_flat[45]
    SLICE_X12Y33         LUT4 (Prop_lut4_I3_O)        0.146    10.143 r  u_mac_array/prod_s1[1][2][10]_i_36/O
                         net (fo=1, routed)           0.314    10.457    u_mac_array/prod_s1[1][2][10]_i_36_n_0
    SLICE_X14Y34         LUT6 (Prop_lut6_I3_O)        0.328    10.785 r  u_mac_array/prod_s1[1][2][10]_i_21/O
                         net (fo=1, routed)           0.701    11.486    u_mac_array/prod_s1[1][2][10]_i_21_n_0
    SLICE_X15Y35         CARRY4 (Prop_carry4_DI[3]_CO[3])
                                                      0.385    11.871 r  u_mac_array/prod_s1_reg[1][2][10]_i_12/CO[3]
                         net (fo=1, routed)           0.000    11.871    u_mac_array/prod_s1_reg[1][2][10]_i_12_n_0
    SLICE_X15Y36         CARRY4 (Prop_carry4_CI_O[2])
                                                      0.239    12.110 r  u_mac_array/prod_s1_reg[1][2][14]_i_12/O[2]
                         net (fo=2, routed)           0.816    12.926    u_mac_array/prod_s1_reg[1][2][14]_i_12_n_5
    SLICE_X14Y37         LUT3 (Prop_lut3_I1_O)        0.331    13.257 r  u_mac_array/prod_s1[1][2][10]_i_2/O
                         net (fo=2, routed)           0.679    13.936    u_mac_array/prod_s1[1][2][10]_i_2_n_0
    SLICE_X14Y37         LUT4 (Prop_lut4_I3_O)        0.331    14.267 r  u_mac_array/prod_s1[1][2][10]_i_6/O
                         net (fo=1, routed)           0.000    14.267    u_mac_array/prod_s1[1][2][10]_i_6_n_0
    SLICE_X14Y37         CARRY4 (Prop_carry4_S[3]_CO[3])
                                                      0.376    14.643 r  u_mac_array/prod_s1_reg[1][2][10]_i_1/CO[3]
                         net (fo=1, routed)           0.000    14.643    u_mac_array/prod_s1_reg[1][2][10]_i_1_n_0
    SLICE_X14Y38         CARRY4 (Prop_carry4_CI_O[3])
                                                      0.315    14.958 r  u_mac_array/prod_s1_reg[1][2][14]_i_1/O[3]
                         net (fo=1, routed)           0.000    14.958    u_mac_array/prod_s1_reg[1][2][14]_i_1_n_4
    SLICE_X14Y38         FDCE                                         r  u_mac_array/prod_s1_reg[1][2][14]/D
  -------------------------------------------------------------------    -------------------

                         (clock clk rise edge)       15.000    15.000 r  
    U14                                               0.000    15.000 r  clk (IN)
                         net (fo=0)                   0.000    15.000    clk
    U14                  IBUF (Prop_ibuf_I_O)         0.940    15.940 r  clk_IBUF_inst/O
                         net (fo=1, routed)           2.006    17.946    clk_IBUF
    BUFGCTRL_X0Y16       BUFG (Prop_bufg_I_O)         0.091    18.037 r  clk_IBUF_BUFG_inst/O
                         net (fo=1107, routed)        1.577    19.614    u_mac_array/clk_IBUF_BUFG
    SLICE_X14Y38         FDCE                                         r  u_mac_array/prod_s1_reg[1][2][14]/C
                         clock pessimism              0.458    20.073    
                         clock uncertainty           -0.035    20.037    
    SLICE_X14Y38         FDCE (Setup_fdce_C_D)        0.109    20.146    u_mac_array/prod_s1_reg[1][2][14]
  -------------------------------------------------------------------
                         required time                         20.146    
                         arrival time                         -14.958    
  -------------------------------------------------------------------
                         slack                                  5.188    

Slack (MET) :             5.264ns  (required time - arrival time)
  Source:                 active_bank_r_reg[0]/C
                            (rising edge-triggered cell FDCE clocked by clk  {rise@0.000ns fall@7.500ns period=15.000ns})
  Destination:            u_mac_array/prod_s1_reg[1][2][13]/D
                            (rising edge-triggered cell FDCE clocked by clk  {rise@0.000ns fall@7.500ns period=15.000ns})
  Path Group:             clk
  Path Type:              Setup (Max at Slow Process Corner)
  Requirement:            15.000ns  (clk rise@15.000ns - clk rise@0.000ns)
  Data Path Delay:        9.832ns  (logic 3.017ns (30.686%)  route 6.815ns (69.314%))
  Logic Levels:           9  (CARRY4=4 LUT3=1 LUT4=2 LUT6=2)
  Clock Path Skew:        0.022ns (DCD - SCD + CPR)
    Destination Clock Delay (DCD):    4.614ns = ( 19.614 - 15.000 ) 
    Source Clock Delay      (SCD):    5.051ns
    Clock Pessimism Removal (CPR):    0.458ns
  Clock Uncertainty:      0.035ns  ((TSJ^2 + TIJ^2)^1/2 + DJ) / 2 + PE
    Total System Jitter     (TSJ):    0.071ns
    Total Input Jitter      (TIJ):    0.000ns
    Discrete Jitter          (DJ):    0.000ns
    Phase Error              (PE):    0.000ns

    Location             Delay type                Incr(ns)  Path(ns)    Netlist Resource(s)
  -------------------------------------------------------------------    -------------------
                         (clock clk rise edge)        0.000     0.000 r  
    U14                                               0.000     0.000 r  clk (IN)
                         net (fo=0)                   0.000     0.000    clk
    U14                  IBUF (Prop_ibuf_I_O)         1.075     1.075 r  clk_IBUF_inst/O
                         net (fo=1, routed)           2.205     3.280    clk_IBUF
    BUFGCTRL_X0Y16       BUFG (Prop_bufg_I_O)         0.101     3.381 r  clk_IBUF_BUFG_inst/O
                         net (fo=1107, routed)        1.670     5.051    clk_IBUF_BUFG
    SLICE_X32Y49         FDCE                                         r  active_bank_r_reg[0]/C
  -------------------------------------------------------------------    -------------------
    SLICE_X32Y49         FDCE (Prop_fdce_C_Q)         0.518     5.569 r  active_bank_r_reg[0]/Q
                         net (fo=72, routed)          2.244     7.813    u_mac_array/active_bank_r_reg[1][0]
    SLICE_X11Y46         LUT6 (Prop_lut6_I4_O)        0.124     7.937 f  u_mac_array/prod_s1[1][2][15]_i_21/O
                         net (fo=18, routed)          2.060     9.997    u_mac_array/kernel_flat[45]
    SLICE_X12Y33         LUT4 (Prop_lut4_I3_O)        0.146    10.143 r  u_mac_array/prod_s1[1][2][10]_i_36/O
                         net (fo=1, routed)           0.314    10.457    u_mac_array/prod_s1[1][2][10]_i_36_n_0
    SLICE_X14Y34         LUT6 (Prop_lut6_I3_O)        0.328    10.785 r  u_mac_array/prod_s1[1][2][10]_i_21/O
                         net (fo=1, routed)           0.701    11.486    u_mac_array/prod_s1[1][2][10]_i_21_n_0
    SLICE_X15Y35         CARRY4 (Prop_carry4_DI[3]_CO[3])
                                                      0.385    11.871 r  u_mac_array/prod_s1_reg[1][2][10]_i_12/CO[3]
                         net (fo=1, routed)           0.000    11.871    u_mac_array/prod_s1_reg[1][2][10]_i_12_n_0
    SLICE_X15Y36         CARRY4 (Prop_carry4_CI_O[2])
                                                      0.239    12.110 r  u_mac_array/prod_s1_reg[1][2][14]_i_12/O[2]
                         net (fo=2, routed)           0.816    12.926    u_mac_array/prod_s1_reg[1][2][14]_i_12_n_5
    SLICE_X14Y37         LUT3 (Prop_lut3_I1_O)        0.331    13.257 r  u_mac_array/prod_s1[1][2][10]_i_2/O
                         net (fo=2, routed)           0.679    13.936    u_mac_array/prod_s1[1][2][10]_i_2_n_0
    SLICE_X14Y37         LUT4 (Prop_lut4_I3_O)        0.331    14.267 r  u_mac_array/prod_s1[1][2][10]_i_6/O
                         net (fo=1, routed)           0.000    14.267    u_mac_array/prod_s1[1][2][10]_i_6_n_0
    SLICE_X14Y37         CARRY4 (Prop_carry4_S[3]_CO[3])
                                                      0.376    14.643 r  u_mac_array/prod_s1_reg[1][2][10]_i_1/CO[3]
                         net (fo=1, routed)           0.000    14.643    u_mac_array/prod_s1_reg[1][2][10]_i_1_n_0
    SLICE_X14Y38         CARRY4 (Prop_carry4_CI_O[2])
                                                      0.239    14.882 r  u_mac_array/prod_s1_reg[1][2][14]_i_1/O[2]
                         net (fo=1, routed)           0.000    14.882    u_mac_array/prod_s1_reg[1][2][14]_i_1_n_5
    SLICE_X14Y38         FDCE                                         r  u_mac_array/prod_s1_reg[1][2][13]/D
  -------------------------------------------------------------------    -------------------

                         (clock clk rise edge)       15.000    15.000 r  
    U14                                               0.000    15.000 r  clk (IN)
                         net (fo=0)                   0.000    15.000    clk
    U14                  IBUF (Prop_ibuf_I_O)         0.940    15.940 r  clk_IBUF_inst/O
                         net (fo=1, routed)           2.006    17.946    clk_IBUF
    BUFGCTRL_X0Y16       BUFG (Prop_bufg_I_O)         0.091    18.037 r  clk_IBUF_BUFG_inst/O
                         net (fo=1107, routed)        1.577    19.614    u_mac_array/clk_IBUF_BUFG
    SLICE_X14Y38         FDCE                                         r  u_mac_array/prod_s1_reg[1][2][13]/C
                         clock pessimism              0.458    20.073    
                         clock uncertainty           -0.035    20.037    
    SLICE_X14Y38         FDCE (Setup_fdce_C_D)        0.109    20.146    u_mac_array/prod_s1_reg[1][2][13]
  -------------------------------------------------------------------
                         required time                         20.146    
                         arrival time                         -14.882    
  -------------------------------------------------------------------
                         slack                                  5.264    

Slack (MET) :             5.284ns  (required time - arrival time)
  Source:                 active_bank_r_reg[0]/C
                            (rising edge-triggered cell FDCE clocked by clk  {rise@0.000ns fall@7.500ns period=15.000ns})
  Destination:            u_mac_array/prod_s1_reg[1][2][11]/D
                            (rising edge-triggered cell FDCE clocked by clk  {rise@0.000ns fall@7.500ns period=15.000ns})
  Path Group:             clk
  Path Type:              Setup (Max at Slow Process Corner)
  Requirement:            15.000ns  (clk rise@15.000ns - clk rise@0.000ns)
  Data Path Delay:        9.812ns  (logic 2.997ns (30.545%)  route 6.815ns (69.455%))
  Logic Levels:           9  (CARRY4=4 LUT3=1 LUT4=2 LUT6=2)
  Clock Path Skew:        0.022ns (DCD - SCD + CPR)
    Destination Clock Delay (DCD):    4.614ns = ( 19.614 - 15.000 ) 
    Source Clock Delay      (SCD):    5.051ns
    Clock Pessimism Removal (CPR):    0.458ns
  Clock Uncertainty:      0.035ns  ((TSJ^2 + TIJ^2)^1/2 + DJ) / 2 + PE
    Total System Jitter     (TSJ):    0.071ns
    Total Input Jitter      (TIJ):    0.000ns
    Discrete Jitter          (DJ):    0.000ns
    Phase Error              (PE):    0.000ns

    Location             Delay type                Incr(ns)  Path(ns)    Netlist Resource(s)
  -------------------------------------------------------------------    -------------------
                         (clock clk rise edge)        0.000     0.000 r  
    U14                                               0.000     0.000 r  clk (IN)
                         net (fo=0)                   0.000     0.000    clk
    U14                  IBUF (Prop_ibuf_I_O)         1.075     1.075 r  clk_IBUF_inst/O
                         net (fo=1, routed)           2.205     3.280    clk_IBUF
    BUFGCTRL_X0Y16       BUFG (Prop_bufg_I_O)         0.101     3.381 r  clk_IBUF_BUFG_inst/O
                         net (fo=1107, routed)        1.670     5.051    clk_IBUF_BUFG
    SLICE_X32Y49         FDCE                                         r  active_bank_r_reg[0]/C
  -------------------------------------------------------------------    -------------------
    SLICE_X32Y49         FDCE (Prop_fdce_C_Q)         0.518     5.569 r  active_bank_r_reg[0]/Q
                         net (fo=72, routed)          2.244     7.813    u_mac_array/active_bank_r_reg[1][0]
    SLICE_X11Y46         LUT6 (Prop_lut6_I4_O)        0.124     7.937 f  u_mac_array/prod_s1[1][2][15]_i_21/O
                         net (fo=18, routed)          2.060     9.997    u_mac_array/kernel_flat[45]
    SLICE_X12Y33         LUT4 (Prop_lut4_I3_O)        0.146    10.143 r  u_mac_array/prod_s1[1][2][10]_i_36/O
                         net (fo=1, routed)           0.314    10.457    u_mac_array/prod_s1[1][2][10]_i_36_n_0
    SLICE_X14Y34         LUT6 (Prop_lut6_I3_O)        0.328    10.785 r  u_mac_array/prod_s1[1][2][10]_i_21/O
                         net (fo=1, routed)           0.701    11.486    u_mac_array/prod_s1[1][2][10]_i_21_n_0
    SLICE_X15Y35         CARRY4 (Prop_carry4_DI[3]_CO[3])
                                                      0.385    11.871 r  u_mac_array/prod_s1_reg[1][2][10]_i_12/CO[3]
                         net (fo=1, routed)           0.000    11.871    u_mac_array/prod_s1_reg[1][2][10]_i_12_n_0
    SLICE_X15Y36         CARRY4 (Prop_carry4_CI_O[2])
                                                      0.239    12.110 r  u_mac_array/prod_s1_reg[1][2][14]_i_12/O[2]
                         net (fo=2, routed)           0.816    12.926    u_mac_array/prod_s1_reg[1][2][14]_i_12_n_5
    SLICE_X14Y37         LUT3 (Prop_lut3_I1_O)        0.331    13.257 r  u_mac_array/prod_s1[1][2][10]_i_2/O
                         net (fo=2, routed)           0.679    13.936    u_mac_array/prod_s1[1][2][10]_i_2_n_0
    SLICE_X14Y37         LUT4 (Prop_lut4_I3_O)        0.331    14.267 r  u_mac_array/prod_s1[1][2][10]_i_6/O
                         net (fo=1, routed)           0.000    14.267    u_mac_array/prod_s1[1][2][10]_i_6_n_0
    SLICE_X14Y37         CARRY4 (Prop_carry4_S[3]_CO[3])
                                                      0.376    14.643 r  u_mac_array/prod_s1_reg[1][2][10]_i_1/CO[3]
                         net (fo=1, routed)           0.000    14.643    u_mac_array/prod_s1_reg[1][2][10]_i_1_n_0
    SLICE_X14Y38         CARRY4 (Prop_carry4_CI_O[0])
                                                      0.219    14.862 r  u_mac_array/prod_s1_reg[1][2][14]_i_1/O[0]
                         net (fo=1, routed)           0.000    14.862    u_mac_array/prod_s1_reg[1][2][14]_i_1_n_7
    SLICE_X14Y38         FDCE                                         r  u_mac_array/prod_s1_reg[1][2][11]/D
  -------------------------------------------------------------------    -------------------

                         (clock clk rise edge)       15.000    15.000 r  
    U14                                               0.000    15.000 r  clk (IN)
                         net (fo=0)                   0.000    15.000    clk
    U14                  IBUF (Prop_ibuf_I_O)         0.940    15.940 r  clk_IBUF_inst/O
                         net (fo=1, routed)           2.006    17.946    clk_IBUF
    BUFGCTRL_X0Y16       BUFG (Prop_bufg_I_O)         0.091    18.037 r  clk_IBUF_BUFG_inst/O
                         net (fo=1107, routed)        1.577    19.614    u_mac_array/clk_IBUF_BUFG
    SLICE_X14Y38         FDCE                                         r  u_mac_array/prod_s1_reg[1][2][11]/C
                         clock pessimism              0.458    20.073    
                         clock uncertainty           -0.035    20.037    
    SLICE_X14Y38         FDCE (Setup_fdce_C_D)        0.109    20.146    u_mac_array/prod_s1_reg[1][2][11]
  -------------------------------------------------------------------
                         required time                         20.146    
                         arrival time                         -14.862    
  -------------------------------------------------------------------
                         slack                                  5.284    

Slack (MET) :             5.290ns  (required time - arrival time)
  Source:                 u_line_buffer/wr_col_reg[1]/C
                            (rising edge-triggered cell FDCE clocked by clk  {rise@0.000ns fall@7.500ns period=15.000ns})
  Destination:            u_line_buffer/g_row_wr[0].row_ram_reg[0][11][3]/D
                            (rising edge-triggered cell FDRE clocked by clk  {rise@0.000ns fall@7.500ns period=15.000ns})
  Path Group:             clk
  Path Type:              Setup (Max at Slow Process Corner)
  Requirement:            15.000ns  (clk rise@15.000ns - clk rise@0.000ns)
  Data Path Delay:        9.566ns  (logic 1.285ns (13.433%)  route 8.281ns (86.567%))
  Logic Levels:           3  (LUT6=2 MUXF7=1)
  Clock Path Skew:        -0.064ns (DCD - SCD + CPR)
    Destination Clock Delay (DCD):    4.605ns = ( 19.605 - 15.000 ) 
    Source Clock Delay      (SCD):    5.128ns
    Clock Pessimism Removal (CPR):    0.458ns
  Clock Uncertainty:      0.035ns  ((TSJ^2 + TIJ^2)^1/2 + DJ) / 2 + PE
    Total System Jitter     (TSJ):    0.071ns
    Total Input Jitter      (TIJ):    0.000ns
    Discrete Jitter          (DJ):    0.000ns
    Phase Error              (PE):    0.000ns

    Location             Delay type                Incr(ns)  Path(ns)    Netlist Resource(s)
  -------------------------------------------------------------------    -------------------
                         (clock clk rise edge)        0.000     0.000 r  
    U14                                               0.000     0.000 r  clk (IN)
                         net (fo=0)                   0.000     0.000    clk
    U14                  IBUF (Prop_ibuf_I_O)         1.075     1.075 r  clk_IBUF_inst/O
                         net (fo=1, routed)           2.205     3.280    clk_IBUF
    BUFGCTRL_X0Y16       BUFG (Prop_bufg_I_O)         0.101     3.381 r  clk_IBUF_BUFG_inst/O
                         net (fo=1107, routed)        1.747     5.128    u_line_buffer/clk_IBUF_BUFG
    SLICE_X16Y32         FDCE                                         r  u_line_buffer/wr_col_reg[1]/C
  -------------------------------------------------------------------    -------------------
    SLICE_X16Y32         FDCE (Prop_fdce_C_Q)         0.478     5.606 r  u_line_buffer/wr_col_reg[1]/Q
                         net (fo=159, routed)         4.598    10.203    u_line_buffer/wr_col[1]
    SLICE_X4Y21          LUT6 (Prop_lut6_I2_O)        0.301    10.504 r  u_line_buffer/g_row_wr[0].row_ram[0][0][3]_i_12/O
                         net (fo=1, routed)           0.000    10.504    u_line_buffer/g_row_wr[0].row_ram[0][0][3]_i_12_n_0
    SLICE_X4Y21          MUXF7 (Prop_muxf7_I0_O)      0.209    10.713 r  u_line_buffer/g_row_wr[0].row_ram_reg[0][0][3]_i_5/O
                         net (fo=1, routed)           0.857    11.571    u_line_buffer/g_row_wr[0].row_ram_reg[0][0][3]_i_5_n_0
    SLICE_X5Y21          LUT6 (Prop_lut6_I5_O)        0.297    11.868 r  u_line_buffer/g_row_wr[0].row_ram[0][0][3]_i_1/O
                         net (fo=33, routed)          2.825    14.693    u_line_buffer/row_ram[3]
    SLICE_X14Y21         FDRE                                         r  u_line_buffer/g_row_wr[0].row_ram_reg[0][11][3]/D
  -------------------------------------------------------------------    -------------------

                         (clock clk rise edge)       15.000    15.000 r  
    U14                                               0.000    15.000 r  clk (IN)
                         net (fo=0)                   0.000    15.000    clk
    U14                  IBUF (Prop_ibuf_I_O)         0.940    15.940 r  clk_IBUF_inst/O
                         net (fo=1, routed)           2.006    17.946    clk_IBUF
    BUFGCTRL_X0Y16       BUFG (Prop_bufg_I_O)         0.091    18.037 r  clk_IBUF_BUFG_inst/O
                         net (fo=1107, routed)        1.568    19.605    u_line_buffer/clk_IBUF_BUFG
    SLICE_X14Y21         FDRE                                         r  u_line_buffer/g_row_wr[0].row_ram_reg[0][11][3]/C
                         clock pessimism              0.458    20.064    
                         clock uncertainty           -0.035    20.028    
    SLICE_X14Y21         FDRE (Setup_fdre_C_D)       -0.045    19.983    u_line_buffer/g_row_wr[0].row_ram_reg[0][11][3]
  -------------------------------------------------------------------
                         required time                         19.983    
                         arrival time                         -14.693    
  -------------------------------------------------------------------
                         slack                                  5.290    

Slack (MET) :             5.293ns  (required time - arrival time)
  Source:                 active_bank_r_reg[1]/C
                            (rising edge-triggered cell FDCE clocked by clk  {rise@0.000ns fall@7.500ns period=15.000ns})
  Destination:            u_mac_array/prod_s1_reg[1][1][14]/D
                            (rising edge-triggered cell FDCE clocked by clk  {rise@0.000ns fall@7.500ns period=15.000ns})
  Path Group:             clk
  Path Type:              Setup (Max at Slow Process Corner)
  Requirement:            15.000ns  (clk rise@15.000ns - clk rise@0.000ns)
  Data Path Delay:        9.681ns  (logic 3.075ns (31.763%)  route 6.606ns (68.237%))
  Logic Levels:           8  (CARRY4=3 LUT3=2 LUT4=1 LUT6=2)
  Clock Path Skew:        -0.053ns (DCD - SCD + CPR)
    Destination Clock Delay (DCD):    4.617ns = ( 19.617 - 15.000 ) 
    Source Clock Delay      (SCD):    5.129ns
    Clock Pessimism Removal (CPR):    0.458ns
  Clock Uncertainty:      0.035ns  ((TSJ^2 + TIJ^2)^1/2 + DJ) / 2 + PE
    Total System Jitter     (TSJ):    0.071ns
    Total Input Jitter      (TIJ):    0.000ns
    Discrete Jitter          (DJ):    0.000ns
    Phase Error              (PE):    0.000ns

    Location             Delay type                Incr(ns)  Path(ns)    Netlist Resource(s)
  -------------------------------------------------------------------    -------------------
                         (clock clk rise edge)        0.000     0.000 r  
    U14                                               0.000     0.000 r  clk (IN)
                         net (fo=0)                   0.000     0.000    clk
    U14                  IBUF (Prop_ibuf_I_O)         1.075     1.075 r  clk_IBUF_inst/O
                         net (fo=1, routed)           2.205     3.280    clk_IBUF
    BUFGCTRL_X0Y16       BUFG (Prop_bufg_I_O)         0.101     3.381 r  clk_IBUF_BUFG_inst/O
                         net (fo=1107, routed)        1.748     5.129    clk_IBUF_BUFG
    SLICE_X31Y49         FDCE                                         r  active_bank_r_reg[1]/C
  -------------------------------------------------------------------    -------------------
    SLICE_X31Y49         FDCE (Prop_fdce_C_Q)         0.456     5.585 r  active_bank_r_reg[1]/Q
                         net (fo=72, routed)          2.365     7.950    u_mac_array/active_bank_r_reg[1][1]
    SLICE_X12Y47         LUT6 (Prop_lut6_I3_O)        0.124     8.074 f  u_mac_array/prod_s1[1][1][2]_i_14/O
                         net (fo=16, routed)          1.570     9.644    u_mac_array/kernel_flat[32]
    SLICE_X11Y40         LUT3 (Prop_lut3_I2_O)        0.152     9.796 r  u_mac_array/prod_s1[1][1][2]_i_16/O
                         net (fo=2, routed)           1.116    10.912    u_line_buffer/win_reg[1][1][3]_1
    SLICE_X10Y42         LUT6 (Prop_lut6_I0_O)        0.326    11.238 r  u_line_buffer/prod_s1[1][1][10]_i_21/O
                         net (fo=1, routed)           0.000    11.238    u_mac_array/win_reg[1][1][6][0]
    SLICE_X10Y42         CARRY4 (Prop_carry4_S[0]_CO[3])
                                                      0.513    11.751 r  u_mac_array/prod_s1_reg[1][1][10]_i_10/CO[3]
                         net (fo=1, routed)           0.000    11.751    u_mac_array/prod_s1_reg[1][1][10]_i_10_n_0
    SLICE_X10Y43         CARRY4 (Prop_carry4_CI_O[2])
                                                      0.239    11.990 r  u_mac_array/prod_s1_reg[1][1][14]_i_10/O[2]
                         net (fo=2, routed)           0.953    12.943    u_mac_array/prod_s1_reg[1][1][14]_i_10_n_5
    SLICE_X9Y42          LUT3 (Prop_lut3_I2_O)        0.327    13.270 r  u_mac_array/prod_s1[1][1][14]_i_5/O
                         net (fo=2, routed)           0.602    13.872    u_mac_array/prod_s1[1][1][14]_i_5_n_0
    SLICE_X9Y43          LUT4 (Prop_lut4_I0_O)        0.332    14.204 r  u_mac_array/prod_s1[1][1][14]_i_9/O
                         net (fo=1, routed)           0.000    14.204    u_mac_array/prod_s1[1][1][14]_i_9_n_0
    SLICE_X9Y43          CARRY4 (Prop_carry4_S[0]_O[3])
                                                      0.606    14.810 r  u_mac_array/prod_s1_reg[1][1][14]_i_1/O[3]
                         net (fo=1, routed)           0.000    14.810    u_mac_array/prod_s1_reg[1][1][14]_i_1_n_4
    SLICE_X9Y43          FDCE                                         r  u_mac_array/prod_s1_reg[1][1][14]/D
  -------------------------------------------------------------------    -------------------

                         (clock clk rise edge)       15.000    15.000 r  
    U14                                               0.000    15.000 r  clk (IN)
                         net (fo=0)                   0.000    15.000    clk
    U14                  IBUF (Prop_ibuf_I_O)         0.940    15.940 r  clk_IBUF_inst/O
                         net (fo=1, routed)           2.006    17.946    clk_IBUF
    BUFGCTRL_X0Y16       BUFG (Prop_bufg_I_O)         0.091    18.037 r  clk_IBUF_BUFG_inst/O
                         net (fo=1107, routed)        1.580    19.617    u_mac_array/clk_IBUF_BUFG
    SLICE_X9Y43          FDCE                                         r  u_mac_array/prod_s1_reg[1][1][14]/C
                         clock pessimism              0.458    20.076    
                         clock uncertainty           -0.035    20.040    
    SLICE_X9Y43          FDCE (Setup_fdce_C_D)        0.062    20.102    u_mac_array/prod_s1_reg[1][1][14]
  -------------------------------------------------------------------
                         required time                         20.102    
                         arrival time                         -14.810    
  -------------------------------------------------------------------
                         slack                                  5.293    

Slack (MET) :             5.299ns  (required time - arrival time)
  Source:                 u_line_buffer/wr_col_reg[1]/C
                            (rising edge-triggered cell FDCE clocked by clk  {rise@0.000ns fall@7.500ns period=15.000ns})
  Destination:            u_line_buffer/g_row_wr[0].row_ram_reg[0][14][3]/D
                            (rising edge-triggered cell FDRE clocked by clk  {rise@0.000ns fall@7.500ns period=15.000ns})
  Path Group:             clk
  Path Type:              Setup (Max at Slow Process Corner)
  Requirement:            15.000ns  (clk rise@15.000ns - clk rise@0.000ns)
  Data Path Delay:        9.571ns  (logic 1.285ns (13.425%)  route 8.286ns (86.575%))
  Logic Levels:           3  (LUT6=2 MUXF7=1)
  Clock Path Skew:        -0.066ns (DCD - SCD + CPR)
    Destination Clock Delay (DCD):    4.603ns = ( 19.603 - 15.000 ) 
    Source Clock Delay      (SCD):    5.128ns
    Clock Pessimism Removal (CPR):    0.458ns
  Clock Uncertainty:      0.035ns  ((TSJ^2 + TIJ^2)^1/2 + DJ) / 2 + PE
    Total System Jitter     (TSJ):    0.071ns
    Total Input Jitter      (TIJ):    0.000ns
    Discrete Jitter          (DJ):    0.000ns
    Phase Error              (PE):    0.000ns

    Location             Delay type                Incr(ns)  Path(ns)    Netlist Resource(s)
  -------------------------------------------------------------------    -------------------
                         (clock clk rise edge)        0.000     0.000 r  
    U14                                               0.000     0.000 r  clk (IN)
                         net (fo=0)                   0.000     0.000    clk
    U14                  IBUF (Prop_ibuf_I_O)         1.075     1.075 r  clk_IBUF_inst/O
                         net (fo=1, routed)           2.205     3.280    clk_IBUF
    BUFGCTRL_X0Y16       BUFG (Prop_bufg_I_O)         0.101     3.381 r  clk_IBUF_BUFG_inst/O
                         net (fo=1107, routed)        1.747     5.128    u_line_buffer/clk_IBUF_BUFG
    SLICE_X16Y32         FDCE                                         r  u_line_buffer/wr_col_reg[1]/C
  -------------------------------------------------------------------    -------------------
    SLICE_X16Y32         FDCE (Prop_fdce_C_Q)         0.478     5.606 r  u_line_buffer/wr_col_reg[1]/Q
                         net (fo=159, routed)         4.598    10.203    u_line_buffer/wr_col[1]
    SLICE_X4Y21          LUT6 (Prop_lut6_I2_O)        0.301    10.504 r  u_line_buffer/g_row_wr[0].row_ram[0][0][3]_i_12/O
                         net (fo=1, routed)           0.000    10.504    u_line_buffer/g_row_wr[0].row_ram[0][0][3]_i_12_n_0
    SLICE_X4Y21          MUXF7 (Prop_muxf7_I0_O)      0.209    10.713 r  u_line_buffer/g_row_wr[0].row_ram_reg[0][0][3]_i_5/O
                         net (fo=1, routed)           0.857    11.571    u_line_buffer/g_row_wr[0].row_ram_reg[0][0][3]_i_5_n_0
    SLICE_X5Y21          LUT6 (Prop_lut6_I5_O)        0.297    11.868 r  u_line_buffer/g_row_wr[0].row_ram[0][0][3]_i_1/O
                         net (fo=33, routed)          2.831    14.699    u_line_buffer/row_ram[3]
    SLICE_X16Y22         FDRE                                         r  u_line_buffer/g_row_wr[0].row_ram_reg[0][14][3]/D
  -------------------------------------------------------------------    -------------------

                         (clock clk rise edge)       15.000    15.000 r  
    U14                                               0.000    15.000 r  clk (IN)
                         net (fo=0)                   0.000    15.000    clk
    U14                  IBUF (Prop_ibuf_I_O)         0.940    15.940 r  clk_IBUF_inst/O
                         net (fo=1, routed)           2.006    17.946    clk_IBUF
    BUFGCTRL_X0Y16       BUFG (Prop_bufg_I_O)         0.091    18.037 r  clk_IBUF_BUFG_inst/O
                         net (fo=1107, routed)        1.566    19.603    u_line_buffer/clk_IBUF_BUFG
    SLICE_X16Y22         FDRE                                         r  u_line_buffer/g_row_wr[0].row_ram_reg[0][14][3]/C
                         clock pessimism              0.458    20.062    
                         clock uncertainty           -0.035    20.026    
    SLICE_X16Y22         FDRE (Setup_fdre_C_D)       -0.028    19.998    u_line_buffer/g_row_wr[0].row_ram_reg[0][14][3]
  -------------------------------------------------------------------
                         required time                         19.998    
                         arrival time                         -14.699    
  -------------------------------------------------------------------
                         slack                                  5.299    

Slack (MET) :             5.307ns  (required time - arrival time)
  Source:                 active_bank_r_reg[0]/C
                            (rising edge-triggered cell FDCE clocked by clk  {rise@0.000ns fall@7.500ns period=15.000ns})
  Destination:            u_mac_array/prod_s1_reg[1][0][15]/D
                            (rising edge-triggered cell FDCE clocked by clk  {rise@0.000ns fall@7.500ns period=15.000ns})
  Path Group:             clk
  Path Type:              Setup (Max at Slow Process Corner)
  Requirement:            15.000ns  (clk rise@15.000ns - clk rise@0.000ns)
  Data Path Delay:        9.746ns  (logic 3.311ns (33.973%)  route 6.435ns (66.027%))
  Logic Levels:           9  (CARRY4=4 LUT3=2 LUT4=1 LUT6=2)
  Clock Path Skew:        0.026ns (DCD - SCD + CPR)
    Destination Clock Delay (DCD):    4.618ns = ( 19.618 - 15.000 ) 
    Source Clock Delay      (SCD):    5.051ns
    Clock Pessimism Removal (CPR):    0.458ns
  Clock Uncertainty:      0.035ns  ((TSJ^2 + TIJ^2)^1/2 + DJ) / 2 + PE
    Total System Jitter     (TSJ):    0.071ns
    Total Input Jitter      (TIJ):    0.000ns
    Discrete Jitter          (DJ):    0.000ns
    Phase Error              (PE):    0.000ns

    Location             Delay type                Incr(ns)  Path(ns)    Netlist Resource(s)
  -------------------------------------------------------------------    -------------------
                         (clock clk rise edge)        0.000     0.000 r  
    U14                                               0.000     0.000 r  clk (IN)
                         net (fo=0)                   0.000     0.000    clk
    U14                  IBUF (Prop_ibuf_I_O)         1.075     1.075 r  clk_IBUF_inst/O
                         net (fo=1, routed)           2.205     3.280    clk_IBUF
    BUFGCTRL_X0Y16       BUFG (Prop_bufg_I_O)         0.101     3.381 r  clk_IBUF_BUFG_inst/O
                         net (fo=1107, routed)        1.670     5.051    clk_IBUF_BUFG
    SLICE_X32Y49         FDCE                                         r  active_bank_r_reg[0]/C
  -------------------------------------------------------------------    -------------------
    SLICE_X32Y49         FDCE (Prop_fdce_C_Q)         0.518     5.569 r  active_bank_r_reg[0]/Q
                         net (fo=72, routed)          2.026     7.594    u_mac_array/active_bank_r_reg[1][0]
    SLICE_X21Y48         LUT6 (Prop_lut6_I4_O)        0.124     7.718 f  u_mac_array/prod_s1[1][0][2]_i_11/O
                         net (fo=19, routed)          1.717     9.435    u_mac_array/kernel_flat[26]
    SLICE_X15Y45         LUT3 (Prop_lut3_I2_O)        0.152     9.587 r  u_mac_array/prod_s1[1][0][10]_i_40/O
                         net (fo=2, routed)           1.232    10.819    u_line_buffer/win_reg[1][0][2]_3
    SLICE_X18Y45         LUT6 (Prop_lut6_I2_O)        0.332    11.151 r  u_line_buffer/prod_s1[1][0][10]_i_20/O
                         net (fo=1, routed)           0.000    11.151    u_mac_array/win_reg[1][0][6][1]
    SLICE_X18Y45         CARRY4 (Prop_carry4_S[1]_CO[3])
                                                      0.533    11.684 r  u_mac_array/prod_s1_reg[1][0][10]_i_10/CO[3]
                         net (fo=1, routed)           0.000    11.684    u_mac_array/prod_s1_reg[1][0][10]_i_10_n_0
    SLICE_X18Y46         CARRY4 (Prop_carry4_CI_O[2])
                                                      0.239    11.923 r  u_mac_array/prod_s1_reg[1][0][14]_i_10/O[2]
                         net (fo=2, routed)           0.816    12.738    u_mac_array/prod_s1_reg[1][0][14]_i_10_n_5
    SLICE_X19Y45         LUT3 (Prop_lut3_I2_O)        0.326    13.064 r  u_mac_array/prod_s1[1][0][14]_i_5/O
                         net (fo=2, routed)           0.645    13.710    u_mac_array/prod_s1[1][0][14]_i_5_n_0
    SLICE_X19Y46         LUT4 (Prop_lut4_I0_O)        0.332    14.042 r  u_mac_array/prod_s1[1][0][14]_i_9/O
                         net (fo=1, routed)           0.000    14.042    u_mac_array/prod_s1[1][0][14]_i_9_n_0
    SLICE_X19Y46         CARRY4 (Prop_carry4_S[0]_CO[3])
                                                      0.532    14.574 r  u_mac_array/prod_s1_reg[1][0][14]_i_1/CO[3]
                         net (fo=1, routed)           0.000    14.574    u_mac_array/prod_s1_reg[1][0][14]_i_1_n_0
    SLICE_X19Y47         CARRY4 (Prop_carry4_CI_O[0])
                                                      0.223    14.797 r  u_mac_array/prod_s1_reg[1][0][15]_i_1/O[0]
                         net (fo=1, routed)           0.000    14.797    u_mac_array/prod_s1_reg[1][0][15]_i_1_n_7
    SLICE_X19Y47         FDCE                                         r  u_mac_array/prod_s1_reg[1][0][15]/D
  -------------------------------------------------------------------    -------------------

                         (clock clk rise edge)       15.000    15.000 r  
    U14                                               0.000    15.000 r  clk (IN)
                         net (fo=0)                   0.000    15.000    clk
    U14                  IBUF (Prop_ibuf_I_O)         0.940    15.940 r  clk_IBUF_inst/O
                         net (fo=1, routed)           2.006    17.946    clk_IBUF
    BUFGCTRL_X0Y16       BUFG (Prop_bufg_I_O)         0.091    18.037 r  clk_IBUF_BUFG_inst/O
                         net (fo=1107, routed)        1.581    19.618    u_mac_array/clk_IBUF_BUFG
    SLICE_X19Y47         FDCE                                         r  u_mac_array/prod_s1_reg[1][0][15]/C
                         clock pessimism              0.458    20.077    
                         clock uncertainty           -0.035    20.041    
    SLICE_X19Y47         FDCE (Setup_fdce_C_D)        0.062    20.103    u_mac_array/prod_s1_reg[1][0][15]
  -------------------------------------------------------------------
                         required time                         20.103    
                         arrival time                         -14.797    
  -------------------------------------------------------------------
                         slack                                  5.307    





Min Delay Paths
--------------------------------------------------------------------------------------
Slack (MET) :             0.185ns  (arrival time - required time)
  Source:                 u_line_buffer/win_reg[2][2][2]/C
                            (rising edge-triggered cell FDCE clocked by clk  {rise@0.000ns fall@7.500ns period=15.000ns})
  Destination:            u_line_buffer/win_reg[2][1][2]/D
                            (rising edge-triggered cell FDCE clocked by clk  {rise@0.000ns fall@7.500ns period=15.000ns})
  Path Group:             clk
  Path Type:              Hold (Min at Fast Process Corner)
  Requirement:            0.000ns  (clk rise@0.000ns - clk rise@0.000ns)
  Data Path Delay:        0.273ns  (logic 0.141ns (51.623%)  route 0.132ns (48.377%))
  Logic Levels:           0  
  Clock Path Skew:        0.016ns (DCD - SCD - CPR)
    Destination Clock Delay (DCD):    2.104ns
    Source Clock Delay      (SCD):    1.586ns
    Clock Pessimism Removal (CPR):    0.502ns

    Location             Delay type                Incr(ns)  Path(ns)    Netlist Resource(s)
  -------------------------------------------------------------------    -------------------
                         (clock clk rise edge)        0.000     0.000 r  
    U14                                               0.000     0.000 r  clk (IN)
                         net (fo=0)                   0.000     0.000    clk
    U14                  IBUF (Prop_ibuf_I_O)         0.302     0.302 r  clk_IBUF_inst/O
                         net (fo=1, routed)           0.674     0.976    clk_IBUF
    BUFGCTRL_X0Y16       BUFG (Prop_bufg_I_O)         0.026     1.002 r  clk_IBUF_BUFG_inst/O
                         net (fo=1107, routed)        0.584     1.586    u_line_buffer/clk_IBUF_BUFG
    SLICE_X24Y31         FDCE                                         r  u_line_buffer/win_reg[2][2][2]/C
  -------------------------------------------------------------------    -------------------
    SLICE_X24Y31         FDCE (Prop_fdce_C_Q)         0.141     1.727 r  u_line_buffer/win_reg[2][2][2]/Q
                         net (fo=18, routed)          0.132     1.859    u_line_buffer/win_reg[2][1][7]_0[31]
    SLICE_X24Y33         FDCE                                         r  u_line_buffer/win_reg[2][1][2]/D
  -------------------------------------------------------------------    -------------------

                         (clock clk rise edge)        0.000     0.000 r  
    U14                                               0.000     0.000 r  clk (IN)
                         net (fo=0)                   0.000     0.000    clk
    U14                  IBUF (Prop_ibuf_I_O)         0.492     0.492 r  clk_IBUF_inst/O
                         net (fo=1, routed)           0.731     1.223    clk_IBUF
    BUFGCTRL_X0Y16       BUFG (Prop_bufg_I_O)         0.029     1.252 r  clk_IBUF_BUFG_inst/O
                         net (fo=1107, routed)        0.852     2.104    u_line_buffer/clk_IBUF_BUFG
    SLICE_X24Y33         FDCE                                         r  u_line_buffer/win_reg[2][1][2]/C
                         clock pessimism             -0.502     1.602    
    SLICE_X24Y33         FDCE (Hold_fdce_C_D)         0.072     1.674    u_line_buffer/win_reg[2][1][2]
  -------------------------------------------------------------------
                         required time                         -1.674    
                         arrival time                           1.859    
  -------------------------------------------------------------------
                         slack                                  0.185    

Slack (MET) :             0.188ns  (arrival time - required time)
  Source:                 u_line_buffer/win_reg[2][2][3]/C
                            (rising edge-triggered cell FDCE clocked by clk  {rise@0.000ns fall@7.500ns period=15.000ns})
  Destination:            u_line_buffer/win_reg[2][1][3]/D
                            (rising edge-triggered cell FDCE clocked by clk  {rise@0.000ns fall@7.500ns period=15.000ns})
  Path Group:             clk
  Path Type:              Hold (Min at Fast Process Corner)
  Requirement:            0.000ns  (clk rise@0.000ns - clk rise@0.000ns)
  Data Path Delay:        0.271ns  (logic 0.141ns (51.993%)  route 0.130ns (48.007%))
  Logic Levels:           0  
  Clock Path Skew:        0.013ns (DCD - SCD - CPR)
    Destination Clock Delay (DCD):    2.103ns
    Source Clock Delay      (SCD):    1.587ns
    Clock Pessimism Removal (CPR):    0.503ns

    Location             Delay type                Incr(ns)  Path(ns)    Netlist Resource(s)
  -------------------------------------------------------------------    -------------------
                         (clock clk rise edge)        0.000     0.000 r  
    U14                                               0.000     0.000 r  clk (IN)
                         net (fo=0)                   0.000     0.000    clk
    U14                  IBUF (Prop_ibuf_I_O)         0.302     0.302 r  clk_IBUF_inst/O
                         net (fo=1, routed)           0.674     0.976    clk_IBUF
    BUFGCTRL_X0Y16       BUFG (Prop_bufg_I_O)         0.026     1.002 r  clk_IBUF_BUFG_inst/O
                         net (fo=1107, routed)        0.585     1.587    u_line_buffer/clk_IBUF_BUFG
    SLICE_X24Y32         FDCE                                         r  u_line_buffer/win_reg[2][2][3]/C
  -------------------------------------------------------------------    -------------------
    SLICE_X24Y32         FDCE (Prop_fdce_C_Q)         0.141     1.728 r  u_line_buffer/win_reg[2][2][3]/Q
                         net (fo=20, routed)          0.130     1.858    u_line_buffer/win_reg[2][1][7]_0[32]
    SLICE_X25Y32         FDCE                                         r  u_line_buffer/win_reg[2][1][3]/D
  -------------------------------------------------------------------    -------------------

                         (clock clk rise edge)        0.000     0.000 r  
    U14                                               0.000     0.000 r  clk (IN)
                         net (fo=0)                   0.000     0.000    clk
    U14                  IBUF (Prop_ibuf_I_O)         0.492     0.492 r  clk_IBUF_inst/O
                         net (fo=1, routed)           0.731     1.223    clk_IBUF
    BUFGCTRL_X0Y16       BUFG (Prop_bufg_I_O)         0.029     1.252 r  clk_IBUF_BUFG_inst/O
                         net (fo=1107, routed)        0.851     2.103    u_line_buffer/clk_IBUF_BUFG
    SLICE_X25Y32         FDCE                                         r  u_line_buffer/win_reg[2][1][3]/C
                         clock pessimism             -0.503     1.600    
    SLICE_X25Y32         FDCE (Hold_fdce_C_D)         0.070     1.670    u_line_buffer/win_reg[2][1][3]
  -------------------------------------------------------------------
                         required time                         -1.670    
                         arrival time                           1.858    
  -------------------------------------------------------------------
                         slack                                  0.188    

Slack (MET) :             0.190ns  (arrival time - required time)
  Source:                 u_line_buffer/win_reg[2][2][0]/C
                            (rising edge-triggered cell FDCE clocked by clk  {rise@0.000ns fall@7.500ns period=15.000ns})
  Destination:            u_line_buffer/win_reg[2][1][0]/D
                            (rising edge-triggered cell FDCE clocked by clk  {rise@0.000ns fall@7.500ns period=15.000ns})
  Path Group:             clk
  Path Type:              Hold (Min at Fast Process Corner)
  Requirement:            0.000ns  (clk rise@0.000ns - clk rise@0.000ns)
  Data Path Delay:        0.273ns  (logic 0.141ns (51.581%)  route 0.132ns (48.419%))
  Logic Levels:           0  
  Clock Path Skew:        0.013ns (DCD - SCD - CPR)
    Destination Clock Delay (DCD):    2.102ns
    Source Clock Delay      (SCD):    1.586ns
    Clock Pessimism Removal (CPR):    0.503ns

    Location             Delay type                Incr(ns)  Path(ns)    Netlist Resource(s)
  -------------------------------------------------------------------    -------------------
                         (clock clk rise edge)        0.000     0.000 r  
    U14                                               0.000     0.000 r  clk (IN)
                         net (fo=0)                   0.000     0.000    clk
    U14                  IBUF (Prop_ibuf_I_O)         0.302     0.302 r  clk_IBUF_inst/O
                         net (fo=1, routed)           0.674     0.976    clk_IBUF
    BUFGCTRL_X0Y16       BUFG (Prop_bufg_I_O)         0.026     1.002 r  clk_IBUF_BUFG_inst/O
                         net (fo=1107, routed)        0.584     1.586    u_line_buffer/clk_IBUF_BUFG
    SLICE_X24Y31         FDCE                                         r  u_line_buffer/win_reg[2][2][0]/C
  -------------------------------------------------------------------    -------------------
    SLICE_X24Y31         FDCE (Prop_fdce_C_Q)         0.141     1.727 r  u_line_buffer/win_reg[2][2][0]/Q
                         net (fo=16, routed)          0.132     1.859    u_line_buffer/win_reg[2][1][7]_0[29]
    SLICE_X25Y31         FDCE                                         r  u_line_buffer/win_reg[2][1][0]/D
  -------------------------------------------------------------------    -------------------

                         (clock clk rise edge)        0.000     0.000 r  
    U14                                               0.000     0.000 r  clk (IN)
                         net (fo=0)                   0.000     0.000    clk
    U14                  IBUF (Prop_ibuf_I_O)         0.492     0.492 r  clk_IBUF_inst/O
                         net (fo=1, routed)           0.731     1.223    clk_IBUF
    BUFGCTRL_X0Y16       BUFG (Prop_bufg_I_O)         0.029     1.252 r  clk_IBUF_BUFG_inst/O
                         net (fo=1107, routed)        0.850     2.102    u_line_buffer/clk_IBUF_BUFG
    SLICE_X25Y31         FDCE                                         r  u_line_buffer/win_reg[2][1][0]/C
                         clock pessimism             -0.503     1.599    
    SLICE_X25Y31         FDCE (Hold_fdce_C_D)         0.070     1.669    u_line_buffer/win_reg[2][1][0]
  -------------------------------------------------------------------
                         required time                         -1.669    
                         arrival time                           1.859    
  -------------------------------------------------------------------
                         slack                                  0.190    

Slack (MET) :             0.206ns  (arrival time - required time)
  Source:                 u_mac_array/acc_s2_reg[13]/C
                            (rising edge-triggered cell FDCE clocked by clk  {rise@0.000ns fall@7.500ns period=15.000ns})
  Destination:            u_mac_array/out_pixel_reg[13]/D
                            (rising edge-triggered cell FDCE clocked by clk  {rise@0.000ns fall@7.500ns period=15.000ns})
  Path Group:             clk
  Path Type:              Hold (Min at Fast Process Corner)
  Requirement:            0.000ns  (clk rise@0.000ns - clk rise@0.000ns)
  Data Path Delay:        0.363ns  (logic 0.186ns (51.258%)  route 0.177ns (48.742%))
  Logic Levels:           1  (LUT5=1)
  Clock Path Skew:        0.036ns (DCD - SCD - CPR)
    Destination Clock Delay (DCD):    2.116ns
    Source Clock Delay      (SCD):    1.597ns
    Clock Pessimism Removal (CPR):    0.483ns

    Location             Delay type                Incr(ns)  Path(ns)    Netlist Resource(s)
  -------------------------------------------------------------------    -------------------
                         (clock clk rise edge)        0.000     0.000 r  
    U14                                               0.000     0.000 r  clk (IN)
                         net (fo=0)                   0.000     0.000    clk
    U14                  IBUF (Prop_ibuf_I_O)         0.302     0.302 r  clk_IBUF_inst/O
                         net (fo=1, routed)           0.674     0.976    clk_IBUF
    BUFGCTRL_X0Y16       BUFG (Prop_bufg_I_O)         0.026     1.002 r  clk_IBUF_BUFG_inst/O
                         net (fo=1107, routed)        0.595     1.597    u_mac_array/clk_IBUF_BUFG
    SLICE_X21Y43         FDCE                                         r  u_mac_array/acc_s2_reg[13]/C
  -------------------------------------------------------------------    -------------------
    SLICE_X21Y43         FDCE (Prop_fdce_C_Q)         0.141     1.738 r  u_mac_array/acc_s2_reg[13]/Q
                         net (fo=1, routed)           0.177     1.915    u_mac_array/u_relu/Q[13]
    SLICE_X22Y47         LUT5 (Prop_lut5_I2_O)        0.045     1.960 r  u_mac_array/u_relu/out_pixel[13]_i_1/O
                         net (fo=1, routed)           0.000     1.960    u_mac_array/relu_out_comb[13]
    SLICE_X22Y47         FDCE                                         r  u_mac_array/out_pixel_reg[13]/D
  -------------------------------------------------------------------    -------------------

                         (clock clk rise edge)        0.000     0.000 r  
    U14                                               0.000     0.000 r  clk (IN)
                         net (fo=0)                   0.000     0.000    clk
    U14                  IBUF (Prop_ibuf_I_O)         0.492     0.492 r  clk_IBUF_inst/O
                         net (fo=1, routed)           0.731     1.223    clk_IBUF
    BUFGCTRL_X0Y16       BUFG (Prop_bufg_I_O)         0.029     1.252 r  clk_IBUF_BUFG_inst/O
                         net (fo=1107, routed)        0.864     2.116    u_mac_array/clk_IBUF_BUFG
    SLICE_X22Y47         FDCE                                         r  u_mac_array/out_pixel_reg[13]/C
                         clock pessimism             -0.483     1.633    
    SLICE_X22Y47         FDCE (Hold_fdce_C_D)         0.121     1.754    u_mac_array/out_pixel_reg[13]
  -------------------------------------------------------------------
                         required time                         -1.754    
                         arrival time                           1.960    
  -------------------------------------------------------------------
                         slack                                  0.206    

Slack (MET) :             0.210ns  (arrival time - required time)
  Source:                 u_line_buffer/win_reg[2][2][4]/C
                            (rising edge-triggered cell FDCE clocked by clk  {rise@0.000ns fall@7.500ns period=15.000ns})
  Destination:            u_line_buffer/win_reg[2][1][4]/D
                            (rising edge-triggered cell FDCE clocked by clk  {rise@0.000ns fall@7.500ns period=15.000ns})
  Path Group:             clk
  Path Type:              Hold (Min at Fast Process Corner)
  Requirement:            0.000ns  (clk rise@0.000ns - clk rise@0.000ns)
  Data Path Delay:        0.280ns  (logic 0.141ns (50.314%)  route 0.139ns (49.686%))
  Logic Levels:           0  
  Clock Path Skew:        0.000ns (DCD - SCD - CPR)
    Destination Clock Delay (DCD):    2.103ns
    Source Clock Delay      (SCD):    1.587ns
    Clock Pessimism Removal (CPR):    0.516ns

    Location             Delay type                Incr(ns)  Path(ns)    Netlist Resource(s)
  -------------------------------------------------------------------    -------------------
                         (clock clk rise edge)        0.000     0.000 r  
    U14                                               0.000     0.000 r  clk (IN)
                         net (fo=0)                   0.000     0.000    clk
    U14                  IBUF (Prop_ibuf_I_O)         0.302     0.302 r  clk_IBUF_inst/O
                         net (fo=1, routed)           0.674     0.976    clk_IBUF
    BUFGCTRL_X0Y16       BUFG (Prop_bufg_I_O)         0.026     1.002 r  clk_IBUF_BUFG_inst/O
                         net (fo=1107, routed)        0.585     1.587    u_line_buffer/clk_IBUF_BUFG
    SLICE_X24Y32         FDCE                                         r  u_line_buffer/win_reg[2][2][4]/C
  -------------------------------------------------------------------    -------------------
    SLICE_X24Y32         FDCE (Prop_fdce_C_Q)         0.141     1.728 r  u_line_buffer/win_reg[2][2][4]/Q
                         net (fo=18, routed)          0.139     1.867    u_line_buffer/win_reg[2][1][7]_0[33]
    SLICE_X24Y32         FDCE                                         r  u_line_buffer/win_reg[2][1][4]/D
  -------------------------------------------------------------------    -------------------

                         (clock clk rise edge)        0.000     0.000 r  
    U14                                               0.000     0.000 r  clk (IN)
                         net (fo=0)                   0.000     0.000    clk
    U14                  IBUF (Prop_ibuf_I_O)         0.492     0.492 r  clk_IBUF_inst/O
                         net (fo=1, routed)           0.731     1.223    clk_IBUF
    BUFGCTRL_X0Y16       BUFG (Prop_bufg_I_O)         0.029     1.252 r  clk_IBUF_BUFG_inst/O
                         net (fo=1107, routed)        0.851     2.103    u_line_buffer/clk_IBUF_BUFG
    SLICE_X24Y32         FDCE                                         r  u_line_buffer/win_reg[2][1][4]/C
                         clock pessimism             -0.516     1.587    
    SLICE_X24Y32         FDCE (Hold_fdce_C_D)         0.070     1.657    u_line_buffer/win_reg[2][1][4]
  -------------------------------------------------------------------
                         required time                         -1.657    
                         arrival time                           1.867    
  -------------------------------------------------------------------
                         slack                                  0.210    

Slack (MET) :             0.210ns  (arrival time - required time)
  Source:                 u_line_buffer/win_reg[2][2][1]/C
                            (rising edge-triggered cell FDCE clocked by clk  {rise@0.000ns fall@7.500ns period=15.000ns})
  Destination:            u_line_buffer/win_reg[2][1][1]/D
                            (rising edge-triggered cell FDCE clocked by clk  {rise@0.000ns fall@7.500ns period=15.000ns})
  Path Group:             clk
  Path Type:              Hold (Min at Fast Process Corner)
  Requirement:            0.000ns  (clk rise@0.000ns - clk rise@0.000ns)
  Data Path Delay:        0.280ns  (logic 0.141ns (50.314%)  route 0.139ns (49.686%))
  Logic Levels:           0  
  Clock Path Skew:        0.000ns (DCD - SCD - CPR)
    Destination Clock Delay (DCD):    2.102ns
    Source Clock Delay      (SCD):    1.586ns
    Clock Pessimism Removal (CPR):    0.516ns

    Location             Delay type                Incr(ns)  Path(ns)    Netlist Resource(s)
  -------------------------------------------------------------------    -------------------
                         (clock clk rise edge)        0.000     0.000 r  
    U14                                               0.000     0.000 r  clk (IN)
                         net (fo=0)                   0.000     0.000    clk
    U14                  IBUF (Prop_ibuf_I_O)         0.302     0.302 r  clk_IBUF_inst/O
                         net (fo=1, routed)           0.674     0.976    clk_IBUF
    BUFGCTRL_X0Y16       BUFG (Prop_bufg_I_O)         0.026     1.002 r  clk_IBUF_BUFG_inst/O
                         net (fo=1107, routed)        0.584     1.586    u_line_buffer/clk_IBUF_BUFG
    SLICE_X24Y31         FDCE                                         r  u_line_buffer/win_reg[2][2][1]/C
  -------------------------------------------------------------------    -------------------
    SLICE_X24Y31         FDCE (Prop_fdce_C_Q)         0.141     1.727 r  u_line_buffer/win_reg[2][2][1]/Q
                         net (fo=20, routed)          0.139     1.866    u_line_buffer/win_reg[2][1][7]_0[30]
    SLICE_X24Y31         FDCE                                         r  u_line_buffer/win_reg[2][1][1]/D
  -------------------------------------------------------------------    -------------------

                         (clock clk rise edge)        0.000     0.000 r  
    U14                                               0.000     0.000 r  clk (IN)
                         net (fo=0)                   0.000     0.000    clk
    U14                  IBUF (Prop_ibuf_I_O)         0.492     0.492 r  clk_IBUF_inst/O
                         net (fo=1, routed)           0.731     1.223    clk_IBUF
    BUFGCTRL_X0Y16       BUFG (Prop_bufg_I_O)         0.029     1.252 r  clk_IBUF_BUFG_inst/O
                         net (fo=1107, routed)        0.850     2.102    u_line_buffer/clk_IBUF_BUFG
    SLICE_X24Y31         FDCE                                         r  u_line_buffer/win_reg[2][1][1]/C
                         clock pessimism             -0.516     1.586    
    SLICE_X24Y31         FDCE (Hold_fdce_C_D)         0.070     1.656    u_line_buffer/win_reg[2][1][1]
  -------------------------------------------------------------------
                         required time                         -1.656    
                         arrival time                           1.866    
  -------------------------------------------------------------------
                         slack                                  0.210    

Slack (MET) :             0.211ns  (arrival time - required time)
  Source:                 u_line_buffer/wr_row_reg[1]/C
                            (rising edge-triggered cell FDCE clocked by clk  {rise@0.000ns fall@7.500ns period=15.000ns})
  Destination:            u_line_buffer/wr_row_d_reg[1]/D
                            (rising edge-triggered cell FDCE clocked by clk  {rise@0.000ns fall@7.500ns period=15.000ns})
  Path Group:             clk
  Path Type:              Hold (Min at Fast Process Corner)
  Requirement:            0.000ns  (clk rise@0.000ns - clk rise@0.000ns)
  Data Path Delay:        0.296ns  (logic 0.164ns (55.404%)  route 0.132ns (44.596%))
  Logic Levels:           0  
  Clock Path Skew:        0.015ns (DCD - SCD - CPR)
    Destination Clock Delay (DCD):    2.111ns
    Source Clock Delay      (SCD):    1.592ns
    Clock Pessimism Removal (CPR):    0.504ns

    Location             Delay type                Incr(ns)  Path(ns)    Netlist Resource(s)
  -------------------------------------------------------------------    -------------------
                         (clock clk rise edge)        0.000     0.000 r  
    U14                                               0.000     0.000 r  clk (IN)
                         net (fo=0)                   0.000     0.000    clk
    U14                  IBUF (Prop_ibuf_I_O)         0.302     0.302 r  clk_IBUF_inst/O
                         net (fo=1, routed)           0.674     0.976    clk_IBUF
    BUFGCTRL_X0Y16       BUFG (Prop_bufg_I_O)         0.026     1.002 r  clk_IBUF_BUFG_inst/O
                         net (fo=1107, routed)        0.590     1.592    u_line_buffer/clk_IBUF_BUFG
    SLICE_X18Y33         FDCE                                         r  u_line_buffer/wr_row_reg[1]/C
  -------------------------------------------------------------------    -------------------
    SLICE_X18Y33         FDCE (Prop_fdce_C_Q)         0.164     1.756 r  u_line_buffer/wr_row_reg[1]/Q
                         net (fo=6, routed)           0.132     1.888    u_line_buffer/wr_row_reg[1]
    SLICE_X19Y34         FDCE                                         r  u_line_buffer/wr_row_d_reg[1]/D
  -------------------------------------------------------------------    -------------------

                         (clock clk rise edge)        0.000     0.000 r  
    U14                                               0.000     0.000 r  clk (IN)
                         net (fo=0)                   0.000     0.000    clk
    U14                  IBUF (Prop_ibuf_I_O)         0.492     0.492 r  clk_IBUF_inst/O
                         net (fo=1, routed)           0.731     1.223    clk_IBUF
    BUFGCTRL_X0Y16       BUFG (Prop_bufg_I_O)         0.029     1.252 r  clk_IBUF_BUFG_inst/O
                         net (fo=1107, routed)        0.859     2.111    u_line_buffer/clk_IBUF_BUFG
    SLICE_X19Y34         FDCE                                         r  u_line_buffer/wr_row_d_reg[1]/C
                         clock pessimism             -0.504     1.607    
    SLICE_X19Y34         FDCE (Hold_fdce_C_D)         0.070     1.677    u_line_buffer/wr_row_d_reg[1]
  -------------------------------------------------------------------
                         required time                         -1.677    
                         arrival time                           1.888    
  -------------------------------------------------------------------
                         slack                                  0.211    

Slack (MET) :             0.225ns  (arrival time - required time)
  Source:                 u_line_buffer/wr_col_reg[0]/C
                            (rising edge-triggered cell FDCE clocked by clk  {rise@0.000ns fall@7.500ns period=15.000ns})
  Destination:            u_line_buffer/wr_col_reg[2]/D
                            (rising edge-triggered cell FDCE clocked by clk  {rise@0.000ns fall@7.500ns period=15.000ns})
  Path Group:             clk
  Path Type:              Hold (Min at Fast Process Corner)
  Requirement:            0.000ns  (clk rise@0.000ns - clk rise@0.000ns)
  Data Path Delay:        0.380ns  (logic 0.186ns (49.004%)  route 0.194ns (50.996%))
  Logic Levels:           1  (LUT5=1)
  Clock Path Skew:        0.035ns (DCD - SCD - CPR)
    Destination Clock Delay (DCD):    2.109ns
    Source Clock Delay      (SCD):    1.591ns
    Clock Pessimism Removal (CPR):    0.483ns

    Location             Delay type                Incr(ns)  Path(ns)    Netlist Resource(s)
  -------------------------------------------------------------------    -------------------
                         (clock clk rise edge)        0.000     0.000 r  
    U14                                               0.000     0.000 r  clk (IN)
                         net (fo=0)                   0.000     0.000    clk
    U14                  IBUF (Prop_ibuf_I_O)         0.302     0.302 r  clk_IBUF_inst/O
                         net (fo=1, routed)           0.674     0.976    clk_IBUF
    BUFGCTRL_X0Y16       BUFG (Prop_bufg_I_O)         0.026     1.002 r  clk_IBUF_BUFG_inst/O
                         net (fo=1107, routed)        0.589     1.591    u_line_buffer/clk_IBUF_BUFG
    SLICE_X15Y31         FDCE                                         r  u_line_buffer/wr_col_reg[0]/C
  -------------------------------------------------------------------    -------------------
    SLICE_X15Y31         FDCE (Prop_fdce_C_Q)         0.141     1.732 r  u_line_buffer/wr_col_reg[0]/Q
                         net (fo=164, routed)         0.194     1.926    u_line_buffer/wr_col[0]
    SLICE_X16Y32         LUT5 (Prop_lut5_I1_O)        0.045     1.971 r  u_line_buffer/wr_col[2]_i_1/O
                         net (fo=1, routed)           0.000     1.971    u_line_buffer/wr_col[2]_i_1_n_0
    SLICE_X16Y32         FDCE                                         r  u_line_buffer/wr_col_reg[2]/D
  -------------------------------------------------------------------    -------------------

                         (clock clk rise edge)        0.000     0.000 r  
    U14                                               0.000     0.000 r  clk (IN)
                         net (fo=0)                   0.000     0.000    clk
    U14                  IBUF (Prop_ibuf_I_O)         0.492     0.492 r  clk_IBUF_inst/O
                         net (fo=1, routed)           0.731     1.223    clk_IBUF
    BUFGCTRL_X0Y16       BUFG (Prop_bufg_I_O)         0.029     1.252 r  clk_IBUF_BUFG_inst/O
                         net (fo=1107, routed)        0.857     2.109    u_line_buffer/clk_IBUF_BUFG
    SLICE_X16Y32         FDCE                                         r  u_line_buffer/wr_col_reg[2]/C
                         clock pessimism             -0.483     1.626    
    SLICE_X16Y32         FDCE (Hold_fdce_C_D)         0.120     1.746    u_line_buffer/wr_col_reg[2]
  -------------------------------------------------------------------
                         required time                         -1.746    
                         arrival time                           1.971    
  -------------------------------------------------------------------
                         slack                                  0.225    

Slack (MET) :             0.228ns  (arrival time - required time)
  Source:                 u_line_buffer/wr_col_reg[0]/C
                            (rising edge-triggered cell FDCE clocked by clk  {rise@0.000ns fall@7.500ns period=15.000ns})
  Destination:            u_line_buffer/wr_col_reg[3]/D
                            (rising edge-triggered cell FDCE clocked by clk  {rise@0.000ns fall@7.500ns period=15.000ns})
  Path Group:             clk
  Path Type:              Hold (Min at Fast Process Corner)
  Requirement:            0.000ns  (clk rise@0.000ns - clk rise@0.000ns)
  Data Path Delay:        0.384ns  (logic 0.186ns (48.493%)  route 0.198ns (51.507%))
  Logic Levels:           1  (LUT6=1)
  Clock Path Skew:        0.035ns (DCD - SCD - CPR)
    Destination Clock Delay (DCD):    2.109ns
    Source Clock Delay      (SCD):    1.591ns
    Clock Pessimism Removal (CPR):    0.483ns

    Location             Delay type                Incr(ns)  Path(ns)    Netlist Resource(s)
  -------------------------------------------------------------------    -------------------
                         (clock clk rise edge)        0.000     0.000 r  
    U14                                               0.000     0.000 r  clk (IN)
                         net (fo=0)                   0.000     0.000    clk
    U14                  IBUF (Prop_ibuf_I_O)         0.302     0.302 r  clk_IBUF_inst/O
                         net (fo=1, routed)           0.674     0.976    clk_IBUF
    BUFGCTRL_X0Y16       BUFG (Prop_bufg_I_O)         0.026     1.002 r  clk_IBUF_BUFG_inst/O
                         net (fo=1107, routed)        0.589     1.591    u_line_buffer/clk_IBUF_BUFG
    SLICE_X15Y31         FDCE                                         r  u_line_buffer/wr_col_reg[0]/C
  -------------------------------------------------------------------    -------------------
    SLICE_X15Y31         FDCE (Prop_fdce_C_Q)         0.141     1.732 r  u_line_buffer/wr_col_reg[0]/Q
                         net (fo=164, routed)         0.198     1.930    u_line_buffer/wr_col[0]
    SLICE_X16Y32         LUT6 (Prop_lut6_I2_O)        0.045     1.975 r  u_line_buffer/wr_col[3]_i_1/O
                         net (fo=1, routed)           0.000     1.975    u_line_buffer/wr_col[3]_i_1_n_0
    SLICE_X16Y32         FDCE                                         r  u_line_buffer/wr_col_reg[3]/D
  -------------------------------------------------------------------    -------------------

                         (clock clk rise edge)        0.000     0.000 r  
    U14                                               0.000     0.000 r  clk (IN)
                         net (fo=0)                   0.000     0.000    clk
    U14                  IBUF (Prop_ibuf_I_O)         0.492     0.492 r  clk_IBUF_inst/O
                         net (fo=1, routed)           0.731     1.223    clk_IBUF
    BUFGCTRL_X0Y16       BUFG (Prop_bufg_I_O)         0.029     1.252 r  clk_IBUF_BUFG_inst/O
                         net (fo=1107, routed)        0.857     2.109    u_line_buffer/clk_IBUF_BUFG
    SLICE_X16Y32         FDCE                                         r  u_line_buffer/wr_col_reg[3]/C
                         clock pessimism             -0.483     1.626    
    SLICE_X16Y32         FDCE (Hold_fdce_C_D)         0.121     1.747    u_line_buffer/wr_col_reg[3]
  -------------------------------------------------------------------
                         required time                         -1.747    
                         arrival time                           1.975    
  -------------------------------------------------------------------
                         slack                                  0.228    

Slack (MET) :             0.235ns  (arrival time - required time)
  Source:                 u_line_buffer/win_reg[2][1][2]/C
                            (rising edge-triggered cell FDCE clocked by clk  {rise@0.000ns fall@7.500ns period=15.000ns})
  Destination:            u_line_buffer/win_reg[2][0][2]/D
                            (rising edge-triggered cell FDCE clocked by clk  {rise@0.000ns fall@7.500ns period=15.000ns})
  Path Group:             clk
  Path Type:              Hold (Min at Fast Process Corner)
  Requirement:            0.000ns  (clk rise@0.000ns - clk rise@0.000ns)
  Data Path Delay:        0.305ns  (logic 0.141ns (46.241%)  route 0.164ns (53.759%))
  Logic Levels:           0  
  Clock Path Skew:        0.000ns (DCD - SCD - CPR)
    Destination Clock Delay (DCD):    2.104ns
    Source Clock Delay      (SCD):    1.588ns
    Clock Pessimism Removal (CPR):    0.516ns

    Location             Delay type                Incr(ns)  Path(ns)    Netlist Resource(s)
  -------------------------------------------------------------------    -------------------
                         (clock clk rise edge)        0.000     0.000 r  
    U14                                               0.000     0.000 r  clk (IN)
                         net (fo=0)                   0.000     0.000    clk
    U14                  IBUF (Prop_ibuf_I_O)         0.302     0.302 r  clk_IBUF_inst/O
                         net (fo=1, routed)           0.674     0.976    clk_IBUF
    BUFGCTRL_X0Y16       BUFG (Prop_bufg_I_O)         0.026     1.002 r  clk_IBUF_BUFG_inst/O
                         net (fo=1107, routed)        0.586     1.588    u_line_buffer/clk_IBUF_BUFG
    SLICE_X24Y33         FDCE                                         r  u_line_buffer/win_reg[2][1][2]/C
  -------------------------------------------------------------------    -------------------
    SLICE_X24Y33         FDCE (Prop_fdce_C_Q)         0.141     1.729 r  u_line_buffer/win_reg[2][1][2]/Q
                         net (fo=15, routed)          0.164     1.893    u_line_buffer/win_reg[2][0][7]_0[2]
    SLICE_X24Y33         FDCE                                         r  u_line_buffer/win_reg[2][0][2]/D
  -------------------------------------------------------------------    -------------------

                         (clock clk rise edge)        0.000     0.000 r  
    U14                                               0.000     0.000 r  clk (IN)
                         net (fo=0)                   0.000     0.000    clk
    U14                  IBUF (Prop_ibuf_I_O)         0.492     0.492 r  clk_IBUF_inst/O
                         net (fo=1, routed)           0.731     1.223    clk_IBUF
    BUFGCTRL_X0Y16       BUFG (Prop_bufg_I_O)         0.029     1.252 r  clk_IBUF_BUFG_inst/O
                         net (fo=1107, routed)        0.852     2.104    u_line_buffer/clk_IBUF_BUFG
    SLICE_X24Y33         FDCE                                         r  u_line_buffer/win_reg[2][0][2]/C
                         clock pessimism             -0.516     1.588    
    SLICE_X24Y33         FDCE (Hold_fdce_C_D)         0.070     1.658    u_line_buffer/win_reg[2][0][2]
  -------------------------------------------------------------------
                         required time                         -1.658    
                         arrival time                           1.893    
  -------------------------------------------------------------------
                         slack                                  0.235    





Pulse Width Checks
--------------------------------------------------------------------------------------
Clock Name:         clk
Waveform(ns):       { 0.000 7.500 }
Period(ns):         15.000
Sources:            { clk }

Check Type        Corner  Lib Pin     Reference Pin  Required(ns)  Actual(ns)  Slack(ns)  Location        Pin
Min Period        n/a     BUFG/I      n/a            2.155         15.000      12.845     BUFGCTRL_X0Y16  clk_IBUF_BUFG_inst/I
Min Period        n/a     FDCE/C      n/a            1.000         15.000      14.000     SLICE_X32Y49    active_bank_r_reg[0]/C
Min Period        n/a     FDCE/C      n/a            1.000         15.000      14.000     SLICE_X27Y46    kernel_regs_reg[1][2][1][4]/C
Min Period        n/a     FDCE/C      n/a            1.000         15.000      14.000     SLICE_X27Y46    kernel_regs_reg[1][2][1][5]/C
Min Period        n/a     FDCE/C      n/a            1.000         15.000      14.000     SLICE_X27Y46    kernel_regs_reg[1][2][1][6]/C
Min Period        n/a     FDCE/C      n/a            1.000         15.000      14.000     SLICE_X27Y46    kernel_regs_reg[1][2][1][7]/C
Min Period        n/a     FDCE/C      n/a            1.000         15.000      14.000     SLICE_X26Y47    kernel_regs_reg[1][2][2][0]/C
Min Period        n/a     FDCE/C      n/a            1.000         15.000      14.000     SLICE_X24Y45    kernel_regs_reg[1][2][2][1]/C
Min Period        n/a     FDCE/C      n/a            1.000         15.000      14.000     SLICE_X24Y45    kernel_regs_reg[1][2][2][2]/C
Min Period        n/a     FDCE/C      n/a            1.000         15.000      14.000     SLICE_X24Y45    kernel_regs_reg[1][2][2][3]/C
Low Pulse Width   Slow    SRL16E/CLK  n/a            0.980         7.500       6.520      SLICE_X22Y30    u_mac_array/win_valid_s1_reg_srl2_u_mac_array_win_valid_s1_reg_c/CLK
Low Pulse Width   Fast    SRL16E/CLK  n/a            0.980         7.500       6.520      SLICE_X22Y30    u_mac_array/win_valid_s1_reg_srl2_u_mac_array_win_valid_s1_reg_c/CLK
Low Pulse Width   Fast    FDCE/C      n/a            0.500         7.500       7.000      SLICE_X27Y46    kernel_regs_reg[1][2][1][4]/C
Low Pulse Width   Fast    FDCE/C      n/a            0.500         7.500       7.000      SLICE_X27Y46    kernel_regs_reg[1][2][1][5]/C
Low Pulse Width   Fast    FDCE/C      n/a            0.500         7.500       7.000      SLICE_X27Y46    kernel_regs_reg[1][2][1][6]/C
Low Pulse Width   Fast    FDCE/C      n/a            0.500         7.500       7.000      SLICE_X27Y46    kernel_regs_reg[1][2][1][7]/C
Low Pulse Width   Fast    FDCE/C      n/a            0.500         7.500       7.000      SLICE_X26Y47    kernel_regs_reg[1][2][2][0]/C
Low Pulse Width   Fast    FDCE/C      n/a            0.500         7.500       7.000      SLICE_X24Y45    kernel_regs_reg[1][2][2][1]/C
Low Pulse Width   Fast    FDCE/C      n/a            0.500         7.500       7.000      SLICE_X24Y45    kernel_regs_reg[1][2][2][2]/C
Low Pulse Width   Fast    FDCE/C      n/a            0.500         7.500       7.000      SLICE_X24Y45    kernel_regs_reg[1][2][2][3]/C
High Pulse Width  Slow    SRL16E/CLK  n/a            0.980         7.500       6.520      SLICE_X22Y30    u_mac_array/win_valid_s1_reg_srl2_u_mac_array_win_valid_s1_reg_c/CLK
High Pulse Width  Fast    SRL16E/CLK  n/a            0.980         7.500       6.520      SLICE_X22Y30    u_mac_array/win_valid_s1_reg_srl2_u_mac_array_win_valid_s1_reg_c/CLK
High Pulse Width  Fast    FDCE/C      n/a            0.500         7.500       7.000      SLICE_X32Y34    u_fsm/FSM_onehot_state_reg[3]/C
High Pulse Width  Fast    FDRE/C      n/a            0.500         7.500       7.000      SLICE_X6Y30     u_line_buffer/g_row_wr[0].row_ram_reg[0][16][0]/C
High Pulse Width  Fast    FDRE/C      n/a            0.500         7.500       7.000      SLICE_X6Y30     u_line_buffer/g_row_wr[0].row_ram_reg[0][16][2]/C
High Pulse Width  Fast    FDRE/C      n/a            0.500         7.500       7.000      SLICE_X6Y30     u_line_buffer/g_row_wr[0].row_ram_reg[0][16][4]/C
High Pulse Width  Fast    FDRE/C      n/a            0.500         7.500       7.000      SLICE_X6Y30     u_line_buffer/g_row_wr[0].row_ram_reg[0][16][5]/C
High Pulse Width  Fast    FDRE/C      n/a            0.500         7.500       7.000      SLICE_X6Y30     u_line_buffer/g_row_wr[0].row_ram_reg[0][16][6]/C
High Pulse Width  Fast    FDRE/C      n/a            0.500         7.500       7.000      SLICE_X6Y30     u_line_buffer/g_row_wr[0].row_ram_reg[0][16][7]/C
High Pulse Width  Fast    FDRE/C      n/a            0.500         7.500       7.000      SLICE_X7Y30     u_line_buffer/g_row_wr[0].row_ram_reg[0][17][2]/C



